youtube_id,cluster
umap_0,1
umap_1,1
umap_2,2
umap_3,2
umap_4,1
umap_5,3
umap_6,4
umap_7,4
umap_8,5
umap_9,5
umap_10,6
umap_11,5
umap_12,7
umap_13,4
umap_14,3
umap_15,3
umap_16,5
umap_17,5
umap_18,1
umap_19,8
umap_20,3
umap_21,8
umap_22,4
umap_23,4
umap_24,1
umap_25,8
umap_26,8
umap_27,6
umap_28,3
umap_29,5
umap_30,6
umap_31,3
umap_32,3
umap_33,4
umap_34,5
umap_35,7
umap_36,4
umap_37,7
umap_38,5
umap_39,7
umap_40,4
umap_41,5
umap_42,3
umap_43,2
umap_44,8
umap_45,6
umap_46,5
umap_47,9
umap_48,4
umap_49,6
umap_50,5
umap_51,1
umap_52,5
umap_53,3
umap_54,7
umap_55,6
umap_56,6
umap_57,8
umap_58,7
umap_59,9
umap_60,7
umap_61,7
umap_62,4
umap_63,6
umap_64,6
umap_65,7
umap_66,8
umap_67,3
umap_68,7
umap_69,3
umap_70,7
umap_71,7
umap_72,7
umap_73,6
umap_74,7
umap_75,7
umap_76,2
umap_77,5
umap_78,3
umap_79,5
umap_80,7
umap_81,7
umap_82,7
umap_83,3
umap_84,4
umap_85,9
umap_86,4
umap_87,3
umap_88,6
umap_89,3
umap_90,7
umap_91,7
umap_92,5
umap_93,8
umap_94,4
umap_95,8
umap_96,4
umap_97,7
umap_98,1
umap_99,6
umap_100,2
umap_101,9
umap_102,8
umap_103,5
umap_104,2
umap_105,5
umap_106,2
umap_107,2
umap_108,5
umap_109,8
umap_110,1
umap_111,7
umap_112,6
umap_113,5
umap_114,1
umap_115,1
umap_116,8
umap_117,8
umap_118,2
umap_119,9
umap_120,3
umap_121,6
umap_122,7
umap_123,7
umap_124,8
umap_125,7
umap_126,7
umap_127,5
umap_128,8
umap_129,6
umap_130,3
umap_131,2
umap_132,8
umap_133,5
umap_134,4
umap_135,8
umap_136,7
umap_137,7
umap_138,5
umap_139,7
umap_140,6
umap_141,9
umap_142,4
umap_143,8
umap_144,4
umap_145,7
umap_146,1
umap_147,7
umap_148,5
umap_149,7
umap_150,5
umap_151,8
umap_152,7
umap_153,3
umap_154,9
umap_155,5
umap_156,7
umap_157,1
umap_158,7
umap_159,3
umap_160,3
umap_161,2
umap_162,7
umap_163,8
umap_164,4
umap_165,9
umap_166,7
umap_167,2
umap_168,5
umap_169,6
umap_170,1
umap_171,3
umap_172,7
umap_173,6
umap_174,8
umap_175,2
umap_176,7
umap_177,3
umap_178,7
umap_179,2
umap_180,5
umap_181,5
umap_182,7
umap_183,2
umap_184,7
umap_185,1
umap_186,8
umap_187,5
umap_188,7
umap_189,4
umap_190,6
umap_191,2
umap_192,1
umap_193,3
umap_194,6
umap_195,7
umap_196,8
umap_197,4
umap_198,5
umap_199,6
umap_200,7
umap_201,1
umap_202,8
umap_203,7
umap_204,7
umap_205,8
umap_206,2
umap_207,8
umap_208,9
umap_209,8
umap_210,7
umap_211,5
umap_212,2
umap_213,2
umap_214,6
umap_215,1
umap_216,6
umap_217,3
umap_218,3
umap_219,5
umap_220,2
umap_221,6
umap_222,7
umap_223,5
umap_224,5
umap_225,2
umap_226,8
umap_227,7
umap_228,3
umap_229,8
umap_230,7
umap_231,6
umap_232,9
umap_233,9
umap_234,7
umap_235,1
umap_236,6
umap_237,3
umap_238,8
umap_239,6
umap_240,2
umap_241,6
umap_242,4
umap_243,6
umap_244,3
umap_245,6
umap_246,7
umap_247,8
umap_248,8
umap_249,9
umap_250,3
umap_251,7
umap_252,7
umap_253,8
umap_254,8
umap_255,4
umap_256,1
umap_257,6
umap_258,4
umap_259,7
umap_260,6
umap_261,1
umap_262,5
umap_263,8
umap_264,2
umap_265,8
umap_266,9
umap_267,5
umap_268,1
umap_269,5
umap_270,2
umap_271,3
umap_272,2
umap_273,3
umap_274,6
umap_275,1
umap_276,5
umap_277,4
umap_278,7
umap_279,2
umap_280,8
umap_281,8
umap_282,4
umap_283,4
umap_284,6
umap_285,1
umap_286,3
umap_287,6
umap_288,2
umap_289,2
umap_290,6
umap_291,7
umap_292,2
umap_293,7
umap_294,2
umap_295,3
umap_296,6
umap_297,7
umap_298,7
umap_299,2
umap_300,7
umap_301,3
umap_302,9
umap_303,2
umap_304,8
umap_305,8
umap_306,6
umap_307,8
umap_308,7
umap_309,3
umap_310,7
umap_311,1
umap_312,1
umap_313,7
umap_314,2
umap_315,6
umap_316,8
umap_317,1
umap_318,5
umap_319,4
umap_320,7
umap_321,3
umap_322,3
umap_323,9
umap_324,4
umap_325,3
umap_326,3
umap_327,1
umap_328,6
umap_329,9
umap_330,5
umap_331,6
umap_332,3
umap_333,6
umap_334,1
umap_335,6
umap_336,7
umap_337,6
umap_338,4
umap_339,1
umap_340,3
umap_341,7
umap_342,3
umap_343,3
umap_344,6
umap_345,6
umap_346,7
umap_347,2
umap_348,7
umap_349,1
umap_350,4
umap_351,6
umap_352,9
umap_353,2
umap_354,2
umap_355,3
umap_356,2
umap_357,6
umap_358,9
umap_359,2
umap_360,2
umap_361,6
umap_362,7
umap_363,7
umap_364,7
umap_365,1
umap_366,1
umap_367,7
umap_368,3
umap_369,7
umap_370,1
umap_371,6
umap_372,1
umap_373,2
umap_374,7
umap_375,7
umap_376,4
umap_377,4
umap_378,3
umap_379,6
umap_380,7
umap_381,4
umap_382,7
umap_383,7
umap_384,2
umap_385,8
umap_386,7
umap_387,2
umap_388,8
umap_389,3
umap_390,3
umap_391,5
umap_392,9
umap_393,8
umap_394,6
umap_395,5
umap_396,6
umap_397,7
umap_398,6
umap_399,2
umap_400,1
umap_401,2
umap_402,3
umap_403,7
umap_404,9
umap_405,7
umap_406,9
umap_407,8
umap_408,6
umap_409,8
umap_410,8
umap_411,2
umap_412,3
umap_413,8
umap_414,4
umap_415,7
umap_416,4
umap_417,8
umap_418,5
umap_419,7
umap_420,2
umap_421,7
umap_422,3
umap_423,8
umap_424,4
umap_425,5
umap_426,5
umap_427,7
umap_428,5
umap_429,8
umap_430,6
umap_431,1
umap_432,4
umap_433,7
umap_434,2
umap_435,6
umap_436,4
umap_437,1
umap_438,7
umap_439,1
umap_440,1
umap_441,2
umap_442,7
umap_443,7
umap_444,1
umap_445,7
umap_446,4
umap_447,7
umap_448,5
umap_449,3
umap_450,2
umap_451,8
umap_452,3
umap_453,6
umap_454,7
umap_455,6
umap_456,8
umap_457,8
umap_458,5
umap_459,7
umap_460,1
umap_461,7
umap_462,7
umap_463,1
umap_464,7
umap_465,5
umap_466,6
umap_467,3
umap_468,8
umap_469,6
umap_470,1
umap_471,8
umap_472,1
umap_473,7
umap_474,8
umap_475,2
umap_476,8
umap_477,5
umap_478,7
umap_479,7
umap_480,7
umap_481,3
umap_482,2
umap_483,5
umap_484,5
umap_485,7
umap_486,2
umap_487,2
umap_488,2
umap_489,6
umap_490,4
umap_491,4
umap_492,4
umap_493,6
umap_494,7
umap_495,2
umap_496,2
umap_497,3
umap_498,3
umap_499,1
umap_500,3
umap_501,7
umap_502,5
umap_503,1
umap_504,8
umap_505,8
umap_506,1
umap_507,2
umap_508,4
umap_509,5
umap_510,7
umap_511,9
umap_512,3
umap_513,4
umap_514,8
umap_515,7
umap_516,1
umap_517,3
umap_518,1
umap_519,3
umap_520,7
umap_521,2
umap_522,3
umap_523,7
umap_524,8
umap_525,8
umap_526,7
umap_527,1
umap_528,1
umap_529,2
umap_530,7
umap_531,6
umap_532,3
umap_533,3
umap_534,4
umap_535,7
umap_536,3
umap_537,1
umap_538,1
umap_539,8
umap_540,4
umap_541,6
umap_542,9
umap_543,1
umap_544,7
umap_545,7
umap_546,7
umap_547,7
umap_548,7
umap_549,9
umap_550,4
umap_551,4
umap_552,2
umap_553,1
umap_554,7
umap_555,9
umap_556,3
umap_557,9
umap_558,2
umap_559,3
umap_560,3
umap_561,1
umap_562,5
umap_563,8
umap_564,5
umap_565,1
umap_566,9
umap_567,8
umap_568,7
umap_569,8
umap_570,5
umap_571,5
umap_572,7
umap_573,7
umap_574,5
umap_575,1
umap_576,6
umap_577,2
umap_578,2
umap_579,8
umap_580,9
umap_581,7
umap_582,3
umap_583,4
umap_584,6
umap_585,7
umap_586,1
umap_587,8
umap_588,2
umap_589,7
umap_590,2
umap_591,4
umap_592,8
umap_593,2
umap_594,1
umap_595,7
umap_596,7
umap_597,9
umap_598,7
umap_599,4
umap_600,6
umap_601,1
umap_602,2
umap_603,3
umap_604,4
umap_605,6
umap_606,7
umap_607,5
umap_608,4
umap_609,3
umap_610,6
umap_611,6
umap_612,5
umap_613,7
umap_614,1
umap_615,2
umap_616,2
umap_617,5
umap_618,5
umap_619,3
umap_620,6
umap_621,3
umap_622,7
umap_623,8
umap_624,3
umap_625,3
umap_626,3
umap_627,3
umap_628,3
umap_629,4
umap_630,7
umap_631,4
umap_632,1
umap_633,1
umap_634,1
umap_635,9
umap_636,7
umap_637,7
umap_638,3
umap_639,2
umap_640,8
umap_641,7
umap_642,3
umap_643,2
umap_644,3
umap_645,2
umap_646,6
umap_647,2
umap_648,4
umap_649,4
umap_650,4
umap_651,2
umap_652,7
umap_653,2
umap_654,7
umap_655,3
umap_656,3
umap_657,6
umap_658,7
umap_659,2
umap_660,4
umap_661,8
umap_662,2
umap_663,7
umap_664,7
umap_665,5
umap_666,7
umap_667,5
umap_668,7
umap_669,4
umap_670,8
umap_671,3
umap_672,9
umap_673,7
umap_674,7
umap_675,1
umap_676,2
umap_677,2
umap_678,5
umap_679,3
umap_680,2
umap_681,7
umap_682,1
umap_683,4
umap_684,8
umap_685,7
umap_686,5
umap_687,3
umap_688,7
umap_689,9
umap_690,7
umap_691,7
umap_692,7
umap_693,2
umap_694,7
umap_695,3
umap_696,4
umap_697,1
umap_698,1
umap_699,2
umap_700,1
umap_701,7
umap_702,6
umap_703,7
umap_704,7
umap_705,3
umap_706,7
umap_707,1
umap_708,4
umap_709,3
umap_710,7
umap_711,3
umap_712,8
umap_713,7
umap_714,1
umap_715,7
umap_716,2
umap_717,7
umap_718,7
umap_719,7
umap_720,1
umap_721,7
umap_722,7
umap_723,4
umap_724,4
umap_725,8
umap_726,7
umap_727,2
umap_728,3
umap_729,7
umap_730,7
umap_731,1
umap_732,3
umap_733,6
umap_734,8
umap_735,8
umap_736,6
umap_737,2
umap_738,7
umap_739,5
umap_740,9
umap_741,3
umap_742,2
umap_743,7
umap_744,3
umap_745,2
umap_746,9
umap_747,6
umap_748,7
umap_749,3
umap_750,7
umap_751,7
umap_752,2
umap_753,6
umap_754,7
umap_755,7
umap_756,9
umap_757,7
umap_758,3
umap_759,6
umap_760,5
umap_761,6
umap_762,8
umap_763,7
umap_764,1
umap_765,6
umap_766,8
umap_767,7
umap_768,5
umap_769,2
umap_770,7
umap_771,9
umap_772,8
umap_773,7
umap_774,3
umap_775,5
umap_776,8
umap_777,7
umap_778,1
umap_779,8
umap_780,9
umap_781,2
umap_782,8
umap_783,8
umap_784,2
umap_785,7
umap_786,9
umap_787,7
umap_788,2
umap_789,8
umap_790,7
umap_791,1
umap_792,1
umap_793,9
umap_794,3
umap_795,3
umap_796,6
umap_797,9
umap_798,4
umap_799,8
umap_800,7
umap_801,2
umap_802,1
umap_803,3
umap_804,6
umap_805,7
umap_806,7
umap_807,2
umap_808,3
umap_809,3
umap_810,8
umap_811,3
umap_812,2
umap_813,4
umap_814,7
umap_815,7
umap_816,2
umap_817,3
umap_818,7
umap_819,3
umap_820,7
umap_821,8
umap_822,7
umap_823,9
umap_824,7
umap_825,1
umap_826,7
umap_827,3
umap_828,1
umap_829,2
umap_830,5
umap_831,3
umap_832,1
umap_833,7
umap_834,8
umap_835,1
umap_836,9
umap_837,3
umap_838,3
umap_839,7
umap_840,7
umap_841,2
umap_842,4
umap_843,4
umap_844,8
umap_845,7
umap_846,7
umap_847,2
umap_848,6
umap_849,5
umap_850,6
umap_851,3
umap_852,7
umap_853,7
umap_854,7
umap_855,7
umap_856,9
umap_857,7
umap_858,2
umap_859,5
umap_860,7
umap_861,3
umap_862,4
umap_863,7
umap_864,3
umap_865,3
umap_866,3
umap_867,2
umap_868,9
umap_869,3
umap_870,3
umap_871,7
umap_872,9
umap_873,3
umap_874,8
umap_875,8
umap_876,1
umap_877,7
umap_878,3
umap_879,3
umap_880,7
umap_881,4
umap_882,2
umap_883,7
umap_884,7
umap_885,7
umap_886,3
umap_887,5
umap_888,7
umap_889,9
umap_890,3
umap_891,3
umap_892,4
umap_893,6
umap_894,9
umap_895,9
umap_896,7
umap_897,2
umap_898,3
umap_899,4
umap_900,2
umap_901,3
umap_902,2
umap_903,7
umap_904,6
umap_905,4
umap_906,2
umap_907,4
umap_908,8
umap_909,1
umap_910,4
umap_911,1
umap_912,3
umap_913,7
umap_914,3
umap_915,7
umap_916,3
umap_917,8
umap_918,5
umap_919,2
umap_920,7
umap_921,3
umap_922,3
umap_923,6
umap_924,3
umap_925,5
umap_926,3
umap_927,8
umap_928,5
umap_929,4
umap_930,6
umap_931,2
umap_932,2
umap_933,8
umap_934,6
umap_935,1
umap_936,7
umap_937,6
umap_938,2
umap_939,7
umap_940,1
umap_941,9
umap_942,2
umap_943,1
umap_944,5
umap_945,9
umap_946,7
umap_947,4
umap_948,1
umap_949,7
umap_950,7
umap_951,2
umap_952,2
umap_953,5
umap_954,1
umap_955,8
umap_956,1
umap_957,4
umap_958,4
umap_959,7
umap_960,5
umap_961,1
umap_962,7
umap_963,4
umap_964,2
umap_965,4
umap_966,7
umap_967,4
umap_968,8
umap_969,3
umap_970,4
umap_971,5
umap_972,2
umap_973,1
umap_974,6
umap_975,1
umap_976,8
umap_977,5
umap_978,4
umap_979,9
umap_980,3
umap_981,5
umap_982,2
umap_983,4
umap_984,2
umap_985,7
umap_986,6
umap_987,8
umap_988,3
umap_989,6
umap_990,3
umap_991,8
umap_992,2
umap_993,2
umap_994,3
umap_995,4
umap_996,3
umap_997,2
umap_998,7
umap_999,1
umap_1000,7
umap_1001,5
umap_1002,7
umap_1003,7
umap_1004,1
umap_1005,4
umap_1006,1
umap_1007,6
umap_1008,1
umap_1009,3
umap_1010,1
umap_1011,5
umap_1012,8
umap_1013,5
umap_1014,4
umap_1015,8
umap_1016,8
umap_1017,2
umap_1018,2
umap_1019,1
umap_1020,6
umap_1021,7
umap_1022,6
umap_1023,3
umap_1024,7
umap_1025,7
umap_1026,9
umap_1027,7
umap_1028,3
umap_1029,6
umap_1030,3
umap_1031,7
umap_1032,5
umap_1033,8
umap_1034,1
umap_1035,5
umap_1036,6
umap_1037,5
umap_1038,4
umap_1039,4
umap_1040,5
umap_1041,6
umap_1042,8
umap_1043,5
umap_1044,7
umap_1045,8
umap_1046,8
umap_1047,8
umap_1048,6
umap_1049,1
umap_1050,3
umap_1051,7
umap_1052,7
umap_1053,4
umap_1054,1
umap_1055,3
umap_1056,7
umap_1057,1
umap_1058,7
umap_1059,3
umap_1060,1
umap_1061,7
umap_1062,3
umap_1063,5
umap_1064,6
umap_1065,4
umap_1066,3
umap_1067,1
umap_1068,6
umap_1069,9
umap_1070,4
umap_1071,9
umap_1072,6
umap_1073,2
umap_1074,3
umap_1075,7
umap_1076,8
umap_1077,6
umap_1078,3
umap_1079,8
umap_1080,3
umap_1081,7
umap_1082,5
umap_1083,7
umap_1084,2
umap_1085,7
umap_1086,8
umap_1087,3
umap_1088,2
umap_1089,2
umap_1090,3
umap_1091,5
umap_1092,5
umap_1093,7
umap_1094,8
umap_1095,6
umap_1096,5
umap_1097,7
umap_1098,2
umap_1099,8
umap_1100,2
umap_1101,1
umap_1102,7
umap_1103,1
umap_1104,4
umap_1105,7
umap_1106,6
umap_1107,1
umap_1108,8
umap_1109,7
umap_1110,8
umap_1111,7
umap_1112,4
umap_1113,2
umap_1114,4
umap_1115,5
umap_1116,6
umap_1117,1
umap_1118,5
umap_1119,2
umap_1120,8
umap_1121,4
umap_1122,3
umap_1123,4
umap_1124,6
umap_1125,4
umap_1126,7
umap_1127,1
umap_1128,6
umap_1129,3
umap_1130,3
umap_1131,1
umap_1132,6
umap_1133,6
umap_1134,3
umap_1135,1
umap_1136,5
umap_1137,9
umap_1138,8
umap_1139,7
umap_1140,7
umap_1141,2
umap_1142,7
umap_1143,7
umap_1144,3
umap_1145,7
umap_1146,4
umap_1147,7
umap_1148,8
umap_1149,5
umap_1150,2
umap_1151,7
umap_1152,7
umap_1153,3
umap_1154,2
umap_1155,8
umap_1156,7
umap_1157,1
umap_1158,2
umap_1159,6
umap_1160,1
umap_1161,9
umap_1162,7
umap_1163,3
umap_1164,1
umap_1165,3
umap_1166,3
umap_1167,7
umap_1168,2
umap_1169,8
umap_1170,7
umap_1171,8
umap_1172,1
umap_1173,7
umap_1174,4
umap_1175,4
umap_1176,6
umap_1177,5
umap_1178,8
umap_1179,2
umap_1180,3
umap_1181,6
umap_1182,7
umap_1183,1
umap_1184,2
umap_1185,2
umap_1186,7
umap_1187,1
umap_1188,4
umap_1189,3
umap_1190,7
umap_1191,1
umap_1192,3
umap_1193,5
umap_1194,9
umap_1195,5
umap_1196,9
umap_1197,3
umap_1198,4
umap_1199,3
umap_1200,1
umap_1201,5
umap_1202,6
umap_1203,8
umap_1204,3
umap_1205,3
umap_1206,2
umap_1207,6
umap_1208,2
umap_1209,4
umap_1210,8
umap_1211,5
umap_1212,2
umap_1213,1
umap_1214,2
umap_1215,8
umap_1216,5
umap_1217,7
umap_1218,6
umap_1219,1
umap_1220,5
umap_1221,4
umap_1222,7
umap_1223,9
umap_1224,2
umap_1225,4
umap_1226,3
umap_1227,1
umap_1228,4
umap_1229,4
umap_1230,7
umap_1231,5
umap_1232,8
umap_1233,2
umap_1234,2
umap_1235,2
umap_1236,3
umap_1237,6
umap_1238,9
umap_1239,3
umap_1240,7
umap_1241,1
umap_1242,7
umap_1243,8
umap_1244,4
umap_1245,5
umap_1246,1
umap_1247,2
umap_1248,5
umap_1249,8
umap_1250,6
umap_1251,2
umap_1252,7
umap_1253,1
umap_1254,8
umap_1255,7
umap_1256,7
umap_1257,2
umap_1258,6
umap_1259,6
umap_1260,7
umap_1261,3
umap_1262,7
umap_1263,7
umap_1264,2
umap_1265,4
umap_1266,8
umap_1267,7
umap_1268,7
umap_1269,7
umap_1270,8
umap_1271,8
umap_1272,8
umap_1273,1
umap_1274,1
umap_1275,7
umap_1276,3
umap_1277,8
umap_1278,7
umap_1279,3
umap_1280,8
umap_1281,8
umap_1282,6
umap_1283,1
umap_1284,7
umap_1285,6
umap_1286,5
umap_1287,7
umap_1288,3
umap_1289,2
umap_1290,6
umap_1291,4
umap_1292,2
umap_1293,2
umap_1294,8
umap_1295,7
umap_1296,3
umap_1297,1
umap_1298,9
umap_1299,8
umap_1300,7
umap_1301,9
umap_1302,7
umap_1303,1
umap_1304,2
umap_1305,5
umap_1306,6
umap_1307,6
umap_1308,5
umap_1309,1
umap_1310,1
umap_1311,7
umap_1312,2
umap_1313,6
umap_1314,3
umap_1315,4
umap_1316,7
umap_1317,7
umap_1318,3
umap_1319,2
umap_1320,5
umap_1321,4
umap_1322,7
umap_1323,6
umap_1324,6
umap_1325,4
umap_1326,3
umap_1327,7
umap_1328,2
umap_1329,2
umap_1330,8
umap_1331,4
umap_1332,1
umap_1333,4
umap_1334,4
umap_1335,6
umap_1336,3
umap_1337,3
umap_1338,2
umap_1339,4
umap_1340,3
umap_1341,5
umap_1342,6
umap_1343,2
umap_1344,6
umap_1345,6
umap_1346,6
umap_1347,4
umap_1348,7
umap_1349,7
umap_1350,5
umap_1351,8
umap_1352,7
umap_1353,6
umap_1354,1
umap_1355,7
umap_1356,9
umap_1357,7
umap_1358,7
umap_1359,8
umap_1360,2
umap_1361,2
umap_1362,5
umap_1363,2
umap_1364,3
umap_1365,7
umap_1366,6
umap_1367,7
umap_1368,6
umap_1369,3
umap_1370,7
umap_1371,6
umap_1372,7
umap_1373,8
umap_1374,4
umap_1375,1
umap_1376,5
umap_1377,8
umap_1378,8
umap_1379,3
umap_1380,6
umap_1381,3
umap_1382,5
umap_1383,7
umap_1384,9
umap_1385,8
umap_1386,4
umap_1387,1
umap_1388,7
umap_1389,6
umap_1390,7
umap_1391,8
umap_1392,7
umap_1393,5
umap_1394,4
umap_1395,8
umap_1396,5
umap_1397,4
umap_1398,2
umap_1399,3
umap_1400,8
umap_1401,4
umap_1402,4
umap_1403,4
umap_1404,7
umap_1405,7
umap_1406,3
umap_1407,1
umap_1408,1
umap_1409,3
umap_1410,3
umap_1411,5
umap_1412,8
umap_1413,1
umap_1414,5
umap_1415,6
umap_1416,3
umap_1417,8
umap_1418,3
umap_1419,6
umap_1420,7
umap_1421,4
umap_1422,4
umap_1423,4
umap_1424,9
umap_1425,3
umap_1426,3
umap_1427,6
umap_1428,1
umap_1429,8
umap_1430,7
umap_1431,8
umap_1432,3
umap_1433,7
umap_1434,9
umap_1435,6
umap_1436,6
umap_1437,5
umap_1438,5
umap_1439,4
umap_1440,7
umap_1441,7
umap_1442,6
umap_1443,5
umap_1444,7
umap_1445,7
umap_1446,3
umap_1447,4
umap_1448,3
umap_1449,1
umap_1450,9
umap_1451,7
umap_1452,1
umap_1453,1
umap_1454,4
umap_1455,3
umap_1456,7
umap_1457,6
umap_1458,7
umap_1459,9
umap_1460,2
umap_1461,6
umap_1462,9
umap_1463,6
umap_1464,3
umap_1465,5
umap_1466,6
umap_1467,6
umap_1468,7
umap_1469,8
umap_1470,3
umap_1471,2
umap_1472,7
umap_1473,1
umap_1474,7
umap_1475,7
umap_1476,2
umap_1477,1
umap_1478,5
umap_1479,8
umap_1480,9
umap_1481,2
umap_1482,3
umap_1483,2
umap_1484,1
umap_1485,7
umap_1486,3
umap_1487,7
umap_1488,2
umap_1489,7
umap_1490,8
umap_1491,7
umap_1492,5
umap_1493,7
umap_1494,2
umap_1495,1
umap_1496,5
umap_1497,5
umap_1498,6
umap_1499,1
umap_1500,9
umap_1501,7
umap_1502,2
umap_1503,1
umap_1504,7
umap_1505,7
umap_1506,2
umap_1507,2
umap_1508,7
umap_1509,5
umap_1510,8
umap_1511,4
umap_1512,9
umap_1513,8
umap_1514,6
umap_1515,5
umap_1516,3
umap_1517,7
umap_1518,3
umap_1519,3
umap_1520,3
umap_1521,7
umap_1522,2
umap_1523,3
umap_1524,3
umap_1525,6
umap_1526,7
umap_1527,3
umap_1528,8
umap_1529,3
umap_1530,2
umap_1531,9
umap_1532,7
umap_1533,2
umap_1534,1
umap_1535,7
umap_1536,8
umap_1537,5
umap_1538,8
umap_1539,7
umap_1540,3
umap_1541,2
umap_1542,7
umap_1543,8
umap_1544,9
umap_1545,4
umap_1546,2
umap_1547,1
umap_1548,7
umap_1549,1
umap_1550,9
umap_1551,1
umap_1552,5
umap_1553,3
umap_1554,9
umap_1555,7
umap_1556,1
umap_1557,4
umap_1558,7
umap_1559,2
umap_1560,3
umap_1561,3
umap_1562,2
umap_1563,7
umap_1564,5
umap_1565,3
umap_1566,1
umap_1567,7
umap_1568,7
umap_1569,7
umap_1570,1
umap_1571,7
umap_1572,4
umap_1573,2
umap_1574,2
umap_1575,7
umap_1576,2
umap_1577,6
umap_1578,7
umap_1579,1
umap_1580,3
umap_1581,5
umap_1582,3
umap_1583,9
umap_1584,2
umap_1585,1
umap_1586,5
umap_1587,6
umap_1588,4
umap_1589,1
umap_1590,9
umap_1591,3
umap_1592,7
umap_1593,2
umap_1594,6
umap_1595,2
umap_1596,7
umap_1597,7
umap_1598,7
umap_1599,3
umap_1600,3
umap_1601,3
umap_1602,6
umap_1603,2
umap_1604,8
umap_1605,1
umap_1606,3
umap_1607,8
umap_1608,2
umap_1609,1
umap_1610,7
umap_1611,2
umap_1612,5
umap_1613,6
umap_1614,2
umap_1615,1
umap_1616,3
umap_1617,1
umap_1618,1
umap_1619,7
umap_1620,8
umap_1621,7
umap_1622,3
umap_1623,2
umap_1624,3
umap_1625,3
umap_1626,2
umap_1627,1
umap_1628,5
umap_1629,7
umap_1630,4
umap_1631,3
umap_1632,5
umap_1633,3
umap_1634,7
umap_1635,7
umap_1636,3
umap_1637,2
umap_1638,1
umap_1639,7
umap_1640,7
umap_1641,8
umap_1642,7
umap_1643,7
umap_1644,5
umap_1645,1
umap_1646,5
umap_1647,2
umap_1648,6
umap_1649,5
umap_1650,7
umap_1651,4
umap_1652,7
umap_1653,2
umap_1654,7
umap_1655,7
umap_1656,4
umap_1657,3
umap_1658,3
umap_1659,6
umap_1660,7
umap_1661,2
umap_1662,8
umap_1663,3
umap_1664,8
umap_1665,7
umap_1666,3
umap_1667,2
umap_1668,3
umap_1669,5
umap_1670,4
umap_1671,9
umap_1672,7
umap_1673,1
umap_1674,7
umap_1675,3
umap_1676,6
umap_1677,2
umap_1678,7
umap_1679,3
umap_1680,7
umap_1681,6
umap_1682,9
umap_1683,2
umap_1684,7
umap_1685,8
umap_1686,3
umap_1687,6
umap_1688,3
umap_1689,7
umap_1690,5
umap_1691,2
umap_1692,2
umap_1693,1
umap_1694,2
umap_1695,7
umap_1696,7
umap_1697,5
umap_1698,1
umap_1699,6
umap_1700,7
umap_1701,7
umap_1702,9
umap_1703,5
umap_1704,4
umap_1705,4
umap_1706,6
umap_1707,3
umap_1708,4
umap_1709,8
umap_1710,4
umap_1711,7
umap_1712,7
umap_1713,5
umap_1714,6
umap_1715,2
umap_1716,1
umap_1717,3
umap_1718,2
umap_1719,4
umap_1720,2
umap_1721,5
umap_1722,1
umap_1723,7
umap_1724,4
umap_1725,7
umap_1726,6
umap_1727,9
umap_1728,8
umap_1729,8
umap_1730,7
umap_1731,3
umap_1732,8
umap_1733,7
umap_1734,4
umap_1735,1
umap_1736,1
umap_1737,8
umap_1738,2
umap_1739,3
umap_1740,7
umap_1741,9
umap_1742,1
umap_1743,2
umap_1744,8
umap_1745,1
umap_1746,2
umap_1747,1
umap_1748,1
umap_1749,6
umap_1750,5
umap_1751,8
umap_1752,7
umap_1753,3
umap_1754,5
umap_1755,3
umap_1756,7
umap_1757,1
umap_1758,1
umap_1759,7
umap_1760,7
umap_1761,2
umap_1762,1
umap_1763,7
umap_1764,3
umap_1765,3
umap_1766,5
umap_1767,8
umap_1768,5
umap_1769,1
umap_1770,3
umap_1771,6
umap_1772,3
umap_1773,5
umap_1774,7
umap_1775,2
umap_1776,5
umap_1777,6
umap_1778,8
umap_1779,5
umap_1780,7
umap_1781,2
umap_1782,7
umap_1783,3
umap_1784,8
umap_1785,7
umap_1786,7
umap_1787,7
umap_1788,2
umap_1789,8
umap_1790,3
umap_1791,7
umap_1792,7
umap_1793,1
umap_1794,7
umap_1795,6
umap_1796,2
umap_1797,7
umap_1798,1
umap_1799,6
umap_1800,5
umap_1801,6
umap_1802,5
umap_1803,6
umap_1804,3
umap_1805,6
umap_1806,5
umap_1807,1
umap_1808,4
umap_1809,3
umap_1810,7
umap_1811,4
umap_1812,5
umap_1813,5
umap_1814,3
umap_1815,2
umap_1816,6
umap_1817,7
umap_1818,7
umap_1819,5
umap_1820,5
umap_1821,7
umap_1822,7
umap_1823,9
umap_1824,8
umap_1825,2
umap_1826,8
umap_1827,8
umap_1828,5
umap_1829,3
umap_1830,3
umap_1831,3
umap_1832,2
umap_1833,5
umap_1834,7
umap_1835,8
umap_1836,8
umap_1837,7
umap_1838,5
umap_1839,2
umap_1840,6
umap_1841,3
umap_1842,6
umap_1843,2
umap_1844,1
umap_1845,3
umap_1846,5
umap_1847,2
umap_1848,6
umap_1849,3
umap_1850,7
umap_1851,9
umap_1852,4
umap_1853,4
umap_1854,4
umap_1855,7
umap_1856,6
umap_1857,3
umap_1858,5
umap_1859,1
umap_1860,2
umap_1861,8
umap_1862,9
umap_1863,3
umap_1864,1
umap_1865,9
umap_1866,8
umap_1867,7
umap_1868,6
umap_1869,4
umap_1870,9
umap_1871,4
umap_1872,4
umap_1873,3
umap_1874,6
umap_1875,3
umap_1876,5
umap_1877,3
umap_1878,9
umap_1879,2
umap_1880,5
umap_1881,8
umap_1882,1
umap_1883,1
umap_1884,7
umap_1885,7
umap_1886,1
umap_1887,7
umap_1888,6
umap_1889,2
umap_1890,9
umap_1891,8
umap_1892,2
umap_1893,3
umap_1894,7
umap_1895,5
umap_1896,7
umap_1897,4
umap_1898,1
umap_1899,3
umap_1900,1
umap_1901,7
umap_1902,3
umap_1903,7
umap_1904,8
umap_1905,2
umap_1906,5
umap_1907,5
umap_1908,7
umap_1909,4
umap_1910,1
umap_1911,4
umap_1912,3
umap_1913,8
umap_1914,1
umap_1915,5
umap_1916,7
umap_1917,6
umap_1918,2
umap_1919,8
umap_1920,7
umap_1921,6
umap_1922,2
umap_1923,4
umap_1924,2
umap_1925,4
umap_1926,4
umap_1927,6
umap_1928,4
umap_1929,8
umap_1930,1
umap_1931,5
umap_1932,7
umap_1933,5
umap_1934,2
umap_1935,7
umap_1936,3
umap_1937,5
umap_1938,4
umap_1939,5
umap_1940,7
umap_1941,1
umap_1942,3
umap_1943,1
umap_1944,7
umap_1945,7
umap_1946,7
umap_1947,2
umap_1948,7
umap_1949,5
umap_1950,5
umap_1951,9
umap_1952,1
umap_1953,5
umap_1954,8
umap_1955,8
umap_1956,8
umap_1957,7
umap_1958,7
umap_1959,3
umap_1960,2
umap_1961,2
umap_1962,7
umap_1963,7
umap_1964,7
umap_1965,4
umap_1966,1
umap_1967,3
umap_1968,2
umap_1969,2
umap_1970,6
umap_1971,8
umap_1972,2
umap_1973,3
umap_1974,7
umap_1975,9
umap_1976,7
umap_1977,4
umap_1978,3
umap_1979,7
umap_1980,7
umap_1981,1
umap_1982,7
umap_1983,1
umap_1984,7
umap_1985,1
umap_1986,2
umap_1987,3
umap_1988,3
umap_1989,7
umap_1990,4
umap_1991,3
umap_1992,3
umap_1993,5
umap_1994,6
umap_1995,6
umap_1996,7
umap_1997,3
umap_1998,8
umap_1999,3
umap_2000,2
umap_2001,4
umap_2002,6
umap_2003,7
umap_2004,7
umap_2005,2
umap_2006,6
umap_2007,5
umap_2008,7
umap_2009,2
umap_2010,6
umap_2011,7
umap_2012,3
umap_2013,6
umap_2014,7
umap_2015,7
umap_2016,1
umap_2017,7
umap_2018,7
umap_2019,7
umap_2020,7
umap_2021,1
umap_2022,4
umap_2023,3
umap_2024,7
umap_2025,5
umap_2026,1
umap_2027,8
umap_2028,7
umap_2029,7
umap_2030,9
umap_2031,6
umap_2032,7
umap_2033,6
umap_2034,5
umap_2035,7
umap_2036,7
umap_2037,7
umap_2038,6
umap_2039,8
umap_2040,7
umap_2041,7
umap_2042,2
umap_2043,9
umap_2044,7
umap_2045,8
umap_2046,2
umap_2047,4
umap_2048,7
umap_2049,1
umap_2050,1
umap_2051,7
umap_2052,6
umap_2053,3
umap_2054,4
umap_2055,4
umap_2056,2
umap_2057,4
umap_2058,2
umap_2059,9
umap_2060,3
umap_2061,4
umap_2062,7
umap_2063,2
umap_2064,8
umap_2065,5
umap_2066,1
umap_2067,6
umap_2068,6
umap_2069,7
umap_2070,2
umap_2071,5
umap_2072,7
umap_2073,7
umap_2074,4
umap_2075,1
umap_2076,5
umap_2077,4
umap_2078,1
umap_2079,7
umap_2080,7
umap_2081,1
umap_2082,9
umap_2083,7
umap_2084,7
umap_2085,7
umap_2086,2
umap_2087,2
umap_2088,3
umap_2089,2
umap_2090,4
umap_2091,6
umap_2092,7
umap_2093,2
umap_2094,7
umap_2095,5
umap_2096,9
umap_2097,6
umap_2098,3
umap_2099,7
umap_2100,7
umap_2101,7
umap_2102,9
umap_2103,7
umap_2104,2
umap_2105,2
umap_2106,5
umap_2107,7
umap_2108,8
umap_2109,7
umap_2110,7
umap_2111,7
umap_2112,7
umap_2113,7
umap_2114,8
umap_2115,1
umap_2116,7
umap_2117,2
umap_2118,3
umap_2119,5
umap_2120,6
umap_2121,9
umap_2122,7
umap_2123,5
umap_2124,1
umap_2125,7
umap_2126,6
umap_2127,6
umap_2128,3
umap_2129,4
umap_2130,2
umap_2131,9
umap_2132,8
umap_2133,8
umap_2134,3
umap_2135,6
umap_2136,8
umap_2137,6
umap_2138,7
umap_2139,1
umap_2140,1
umap_2141,4
umap_2142,5
umap_2143,8
umap_2144,7
umap_2145,5
umap_2146,1
umap_2147,2
umap_2148,7
umap_2149,7
umap_2150,5
umap_2151,8
umap_2152,3
umap_2153,7
umap_2154,8
umap_2155,7
umap_2156,4
umap_2157,1
umap_2158,1
umap_2159,1
umap_2160,1
umap_2161,3
umap_2162,2
umap_2163,2
umap_2164,3
umap_2165,5
umap_2166,4
umap_2167,6
umap_2168,2
umap_2169,1
umap_2170,4
umap_2171,6
umap_2172,4
umap_2173,8
umap_2174,8
umap_2175,3
umap_2176,9
umap_2177,4
umap_2178,3
umap_2179,8
umap_2180,8
umap_2181,1
umap_2182,1
umap_2183,7
umap_2184,6
umap_2185,6
umap_2186,3
umap_2187,6
umap_2188,4
umap_2189,6
umap_2190,4
umap_2191,8
umap_2192,3
umap_2193,7
umap_2194,7
umap_2195,6
umap_2196,6
umap_2197,5
umap_2198,6
umap_2199,4
umap_2200,2
umap_2201,7
umap_2202,8
umap_2203,2
umap_2204,2
umap_2205,1
umap_2206,2
umap_2207,6
umap_2208,7
umap_2209,8
umap_2210,1
umap_2211,1
umap_2212,1
umap_2213,7
umap_2214,8
umap_2215,8
umap_2216,8
umap_2217,7
umap_2218,7
umap_2219,5
umap_2220,7
umap_2221,3
umap_2222,2
umap_2223,2
umap_2224,7
umap_2225,7
umap_2226,8
umap_2227,1
umap_2228,2
umap_2229,7
umap_2230,3
umap_2231,8
umap_2232,6
umap_2233,8
umap_2234,7
umap_2235,7
umap_2236,6
umap_2237,7
umap_2238,2
umap_2239,6
umap_2240,5
umap_2241,5
umap_2242,4
umap_2243,5
umap_2244,6
umap_2245,1
umap_2246,1
umap_2247,3
umap_2248,3
umap_2249,2
umap_2250,3
umap_2251,3
umap_2252,7
umap_2253,2
umap_2254,7
umap_2255,8
umap_2256,4
umap_2257,5
umap_2258,9
umap_2259,2
umap_2260,9
umap_2261,9
umap_2262,2
umap_2263,7
umap_2264,5
umap_2265,1
umap_2266,5
umap_2267,1
umap_2268,4
umap_2269,5
umap_2270,8
umap_2271,3
umap_2272,7
umap_2273,8
umap_2274,7
umap_2275,8
umap_2276,7
umap_2277,5
umap_2278,2
umap_2279,9
umap_2280,2
umap_2281,5
umap_2282,6
umap_2283,7
umap_2284,2
umap_2285,3
umap_2286,8
umap_2287,5
umap_2288,8
umap_2289,5
umap_2290,1
umap_2291,4
umap_2292,2
umap_2293,7
umap_2294,7
umap_2295,1
umap_2296,9
umap_2297,3
umap_2298,1
umap_2299,8
umap_2300,8
umap_2301,7
umap_2302,7
umap_2303,1
umap_2304,5
umap_2305,6
umap_2306,8
umap_2307,5
umap_2308,7
umap_2309,3
umap_2310,5
umap_2311,1
umap_2312,1
umap_2313,6
umap_2314,2
umap_2315,6
umap_2316,4
umap_2317,7
umap_2318,6
umap_2319,7
umap_2320,6
umap_2321,7
umap_2322,7
umap_2323,4
umap_2324,6
umap_2325,2
umap_2326,5
umap_2327,7
umap_2328,5
umap_2329,1
umap_2330,8
umap_2331,5
umap_2332,4
umap_2333,8
umap_2334,3
umap_2335,2
umap_2336,1
umap_2337,7
umap_2338,1
umap_2339,7
umap_2340,8
umap_2341,1
umap_2342,8
umap_2343,4
umap_2344,5
umap_2345,7
umap_2346,2
umap_2347,2
umap_2348,5
umap_2349,7
umap_2350,7
umap_2351,7
umap_2352,7
umap_2353,6
umap_2354,5
umap_2355,8
umap_2356,1
umap_2357,4
umap_2358,8
umap_2359,7
umap_2360,6
umap_2361,7
umap_2362,9
umap_2363,4
umap_2364,6
umap_2365,4
umap_2366,7
umap_2367,4
umap_2368,7
umap_2369,7
umap_2370,5
umap_2371,7
umap_2372,4
umap_2373,7
umap_2374,2
umap_2375,2
umap_2376,7
umap_2377,3
umap_2378,7
umap_2379,5
umap_2380,2
umap_2381,7
umap_2382,5
umap_2383,3
umap_2384,4
umap_2385,3
umap_2386,7
umap_2387,4
umap_2388,5
umap_2389,9
umap_2390,4
umap_2391,3
umap_2392,6
umap_2393,8
umap_2394,1
umap_2395,3
umap_2396,8
umap_2397,5
umap_2398,9
umap_2399,7
umap_2400,1
umap_2401,7
umap_2402,3
umap_2403,6
umap_2404,3
umap_2405,7
umap_2406,2
umap_2407,3
umap_2408,5
umap_2409,8
umap_2410,7
umap_2411,2
umap_2412,7
umap_2413,3
umap_2414,7
umap_2415,6
umap_2416,5
umap_2417,5
umap_2418,5
umap_2419,6
umap_2420,6
umap_2421,5
umap_2422,8
umap_2423,3
umap_2424,1
umap_2425,9
umap_2426,7
umap_2427,7
umap_2428,7
umap_2429,8
umap_2430,8
umap_2431,8
umap_2432,1
umap_2433,6
umap_2434,1
umap_2435,7
umap_2436,7
umap_2437,3
umap_2438,7
umap_2439,8
umap_2440,3
umap_2441,9
umap_2442,6
umap_2443,3
umap_2444,5
umap_2445,7
umap_2446,1
umap_2447,6
umap_2448,6
umap_2449,3
umap_2450,7
umap_2451,3
umap_2452,8
umap_2453,4
umap_2454,3
umap_2455,5
umap_2456,3
umap_2457,8
umap_2458,7
umap_2459,7
umap_2460,5
umap_2461,3
umap_2462,9
umap_2463,1
umap_2464,4
umap_2465,5
umap_2466,9
umap_2467,3
umap_2468,7
umap_2469,7
umap_2470,7
umap_2471,8
umap_2472,3
umap_2473,3
umap_2474,3
umap_2475,4
umap_2476,5
umap_2477,7
umap_2478,6
umap_2479,7
umap_2480,8
umap_2481,2
umap_2482,7
umap_2483,2
umap_2484,7
umap_2485,7
umap_2486,2
umap_2487,6
umap_2488,7
umap_2489,6
umap_2490,7
umap_2491,6
umap_2492,8
umap_2493,8
umap_2494,7
umap_2495,8
umap_2496,9
umap_2497,3
umap_2498,4
umap_2499,7
umap_2500,1
umap_2501,4
umap_2502,5
umap_2503,2
umap_2504,6
umap_2505,8
umap_2506,9
umap_2507,2
umap_2508,3
umap_2509,7
umap_2510,7
umap_2511,4
umap_2512,3
umap_2513,2
umap_2514,6
umap_2515,8
umap_2516,7
umap_2517,4
umap_2518,9
umap_2519,3
umap_2520,7
umap_2521,5
umap_2522,7
umap_2523,6
umap_2524,2
umap_2525,7
umap_2526,5
umap_2527,7
umap_2528,7
umap_2529,3
umap_2530,3
umap_2531,4
umap_2532,1
umap_2533,5
umap_2534,5
umap_2535,4
umap_2536,2
umap_2537,1
umap_2538,4
umap_2539,1
umap_2540,1
umap_2541,8
umap_2542,5
umap_2543,7
umap_2544,5
umap_2545,1
umap_2546,8
umap_2547,3
umap_2548,5
umap_2549,5
umap_2550,6
umap_2551,8
umap_2552,8
umap_2553,3
umap_2554,7
umap_2555,3
umap_2556,8
umap_2557,9
umap_2558,4
umap_2559,8
umap_2560,5
umap_2561,9
umap_2562,5
umap_2563,2
umap_2564,5
umap_2565,6
umap_2566,9
umap_2567,1
umap_2568,7
umap_2569,4
umap_2570,3
umap_2571,9
umap_2572,1
umap_2573,8
umap_2574,6
umap_2575,3
umap_2576,4
umap_2577,7
umap_2578,7
umap_2579,1
umap_2580,5
umap_2581,7
umap_2582,6
umap_2583,1
umap_2584,7
umap_2585,8
umap_2586,9
umap_2587,4
umap_2588,7
umap_2589,7
umap_2590,6
umap_2591,1
umap_2592,8
umap_2593,7
umap_2594,5
umap_2595,5
umap_2596,4
umap_2597,8
umap_2598,2
umap_2599,1
umap_2600,2
umap_2601,7
umap_2602,8
umap_2603,5
umap_2604,4
umap_2605,7
umap_2606,6
umap_2607,4
umap_2608,7
umap_2609,1
umap_2610,8
umap_2611,1
umap_2612,2
umap_2613,6
umap_2614,7
umap_2615,5
umap_2616,7
umap_2617,8
umap_2618,9
umap_2619,9
umap_2620,7
umap_2621,4
umap_2622,1
umap_2623,9
umap_2624,2
umap_2625,1
umap_2626,5
umap_2627,7
umap_2628,7
umap_2629,5
umap_2630,7
umap_2631,4
umap_2632,9
umap_2633,3
umap_2634,3
umap_2635,7
umap_2636,5
umap_2637,2
umap_2638,3
umap_2639,1
umap_2640,1
umap_2641,1
umap_2642,1
umap_2643,6
umap_2644,6
umap_2645,8
umap_2646,6
umap_2647,7
umap_2648,7
umap_2649,7
umap_2650,7
umap_2651,7
umap_2652,7
umap_2653,7
umap_2654,8
umap_2655,7
umap_2656,7
umap_2657,7
umap_2658,1
umap_2659,1
umap_2660,9
umap_2661,2
umap_2662,7
umap_2663,4
umap_2664,8
umap_2665,7
umap_2666,6
umap_2667,7
umap_2668,7
umap_2669,3
umap_2670,2
umap_2671,7
umap_2672,7
umap_2673,3
umap_2674,4
umap_2675,8
umap_2676,7
umap_2677,7
umap_2678,9
umap_2679,3
umap_2680,9
umap_2681,7
umap_2682,3
umap_2683,2
umap_2684,2
umap_2685,9
umap_2686,7
umap_2687,3
umap_2688,1
umap_2689,7
umap_2690,3
umap_2691,9
umap_2692,1
umap_2693,2
umap_2694,5
umap_2695,7
umap_2696,8
umap_2697,2
umap_2698,3
umap_2699,8
umap_2700,1
umap_2701,9
umap_2702,4
umap_2703,7
umap_2704,4
umap_2705,7
umap_2706,3
umap_2707,2
umap_2708,1
umap_2709,3
umap_2710,9
umap_2711,4
umap_2712,8
umap_2713,7
umap_2714,6
umap_2715,3
umap_2716,5
umap_2717,8
umap_2718,3
umap_2719,7
umap_2720,5
umap_2721,9
umap_2722,1
umap_2723,3
umap_2724,7
umap_2725,2
umap_2726,4
umap_2727,5
umap_2728,1
umap_2729,5
umap_2730,3
umap_2731,7
umap_2732,8
umap_2733,7
umap_2734,6
umap_2735,2
umap_2736,1
umap_2737,6
umap_2738,8
umap_2739,2
umap_2740,3
umap_2741,6
umap_2742,5
umap_2743,7
umap_2744,7
umap_2745,2
umap_2746,2
umap_2747,9
umap_2748,7
umap_2749,7
umap_2750,7
umap_2751,1
umap_2752,1
umap_2753,8
umap_2754,6
umap_2755,7
umap_2756,7
umap_2757,4
umap_2758,4
umap_2759,3
umap_2760,5
umap_2761,3
umap_2762,1
umap_2763,6
umap_2764,8
umap_2765,6
umap_2766,1
umap_2767,8
umap_2768,4
umap_2769,4
umap_2770,8
umap_2771,6
umap_2772,7
umap_2773,7
umap_2774,8
umap_2775,2
umap_2776,2
umap_2777,5
umap_2778,4
umap_2779,5
umap_2780,6
umap_2781,2
umap_2782,7
umap_2783,3
umap_2784,2
umap_2785,8
umap_2786,3
umap_2787,2
umap_2788,5
umap_2789,5
umap_2790,4
umap_2791,1
umap_2792,3
umap_2793,4
umap_2794,1
umap_2795,7
umap_2796,4
umap_2797,7
umap_2798,7
umap_2799,5
umap_2800,2
umap_2801,4
umap_2802,7
umap_2803,8
umap_2804,4
umap_2805,9
umap_2806,7
umap_2807,6
umap_2808,4
umap_2809,7
umap_2810,9
umap_2811,2
umap_2812,1
umap_2813,4
umap_2814,4
umap_2815,2
umap_2816,2
umap_2817,3
umap_2818,1
umap_2819,3
umap_2820,3
umap_2821,4
umap_2822,1
umap_2823,6
umap_2824,7
umap_2825,7
umap_2826,2
umap_2827,6
umap_2828,7
umap_2829,7
umap_2830,8
umap_2831,5
umap_2832,8
umap_2833,4
umap_2834,6
umap_2835,4
umap_2836,8
umap_2837,3
umap_2838,7
umap_2839,1
umap_2840,7
umap_2841,7
umap_2842,6
umap_2843,4
umap_2844,7
umap_2845,1
umap_2846,3
umap_2847,7
umap_2848,1
umap_2849,9
umap_2850,5
umap_2851,5
umap_2852,2
umap_2853,1
umap_2854,7
umap_2855,2
umap_2856,7
umap_2857,8
umap_2858,5
umap_2859,5
umap_2860,7
umap_2861,9
umap_2862,8
umap_2863,7
umap_2864,3
umap_2865,3
umap_2866,7
umap_2867,7
umap_2868,3
umap_2869,4
umap_2870,3
umap_2871,3
umap_2872,2
umap_2873,3
umap_2874,6
umap_2875,7
umap_2876,3
umap_2877,2
umap_2878,5
umap_2879,3
umap_2880,1
umap_2881,2
umap_2882,7
umap_2883,3
umap_2884,4
umap_2885,7
umap_2886,7
umap_2887,9
umap_2888,7
umap_2889,1
umap_2890,7
umap_2891,8
umap_2892,7
umap_2893,4
umap_2894,1
umap_2895,5
umap_2896,5
umap_2897,8
umap_2898,4
umap_2899,4
umap_2900,9
umap_2901,7
umap_2902,2
umap_2903,9
umap_2904,6
umap_2905,7
umap_2906,6
umap_2907,7
umap_2908,7
umap_2909,6
umap_2910,7
umap_2911,6
umap_2912,6
umap_2913,8
umap_2914,5
umap_2915,5
umap_2916,1
umap_2917,8
umap_2918,1
umap_2919,7
umap_2920,6
umap_2921,7
umap_2922,2
umap_2923,4
umap_2924,8
umap_2925,5
umap_2926,5
umap_2927,4
umap_2928,3
umap_2929,3
umap_2930,8
umap_2931,6
umap_2932,2
umap_2933,7
umap_2934,9
umap_2935,2
umap_2936,5
umap_2937,6
umap_2938,7
umap_2939,2
umap_2940,9
umap_2941,6
umap_2942,3
umap_2943,8
umap_2944,3
umap_2945,3
umap_2946,3
umap_2947,4
umap_2948,4
umap_2949,4
umap_2950,7
umap_2951,2
umap_2952,7
umap_2953,5
umap_2954,9
umap_2955,6
umap_2956,1
umap_2957,8
umap_2958,2
umap_2959,1
umap_2960,2
umap_2961,6
umap_2962,7
umap_2963,2
umap_2964,7
umap_2965,4
umap_2966,8
umap_2967,7
umap_2968,7
umap_2969,6
umap_2970,6
umap_2971,5
umap_2972,3
umap_2973,1
umap_2974,7
umap_2975,7
umap_2976,6
umap_2977,2
umap_2978,1
umap_2979,4
umap_2980,1
umap_2981,7
umap_2982,4
umap_2983,6
umap_2984,3
umap_2985,2
umap_2986,6
umap_2987,8
umap_2988,2
umap_2989,7
umap_2990,4
umap_2991,6
umap_2992,2
umap_2993,2
umap_2994,9
umap_2995,3
umap_2996,9
umap_2997,7
umap_2998,5
umap_2999,2
umap_3000,8
umap_3001,6
umap_3002,1
umap_3003,2
umap_3004,1
umap_3005,2
umap_3006,1
umap_3007,1
umap_3008,7
umap_3009,8
umap_3010,9
umap_3011,7
umap_3012,4
umap_3013,2
umap_3014,6
umap_3015,2
umap_3016,5
umap_3017,8
umap_3018,3
umap_3019,9
umap_3020,2
umap_3021,4
umap_3022,4
umap_3023,4
umap_3024,4
umap_3025,2
umap_3026,6
umap_3027,4
umap_3028,7
umap_3029,2
umap_3030,8
umap_3031,2
umap_3032,4
umap_3033,1
umap_3034,7
umap_3035,7
umap_3036,1
umap_3037,4
umap_3038,6
umap_3039,7
umap_3040,4
umap_3041,6
umap_3042,1
umap_3043,4
umap_3044,1
umap_3045,2
umap_3046,8
umap_3047,4
umap_3048,8
umap_3049,1
umap_3050,5
umap_3051,7
umap_3052,5
umap_3053,8
umap_3054,3
umap_3055,3
umap_3056,8
umap_3057,8
umap_3058,7
umap_3059,4
umap_3060,1
umap_3061,5
umap_3062,2
umap_3063,3
umap_3064,8
umap_3065,7
umap_3066,3
umap_3067,2
umap_3068,6
umap_3069,6
umap_3070,4
umap_3071,5
umap_3072,1
umap_3073,1
umap_3074,6
umap_3075,7
umap_3076,3
umap_3077,3
umap_3078,6
umap_3079,1
umap_3080,6
umap_3081,7
umap_3082,3
umap_3083,8
umap_3084,2
umap_3085,7
umap_3086,2
umap_3087,6
umap_3088,7
umap_3089,5
umap_3090,4
umap_3091,4
umap_3092,6
umap_3093,6
umap_3094,9
umap_3095,3
umap_3096,7
umap_3097,7
umap_3098,2
umap_3099,7
umap_3100,3
umap_3101,3
umap_3102,7
umap_3103,7
umap_3104,3
umap_3105,2
umap_3106,3
umap_3107,9
umap_3108,8
umap_3109,2
umap_3110,8
umap_3111,7
umap_3112,7
umap_3113,3
umap_3114,9
umap_3115,6
umap_3116,9
umap_3117,7
umap_3118,6
umap_3119,6
umap_3120,2
umap_3121,4
umap_3122,7
umap_3123,5
umap_3124,6
umap_3125,3
umap_3126,2
umap_3127,9
umap_3128,6
umap_3129,4
umap_3130,7
umap_3131,1
umap_3132,2
umap_3133,3
umap_3134,4
umap_3135,7
umap_3136,6
umap_3137,7
umap_3138,2
umap_3139,1
umap_3140,6
umap_3141,3
umap_3142,5
umap_3143,8
umap_3144,6
umap_3145,2
umap_3146,1
umap_3147,3
umap_3148,3
umap_3149,4
umap_3150,6
umap_3151,2
umap_3152,2
umap_3153,4
umap_3154,3
umap_3155,5
umap_3156,3
umap_3157,7
umap_3158,1
umap_3159,9
umap_3160,4
umap_3161,4
umap_3162,9
umap_3163,3
umap_3164,8
umap_3165,5
umap_3166,9
umap_3167,2
umap_3168,7
umap_3169,8
umap_3170,7
umap_3171,2
umap_3172,2
umap_3173,7
umap_3174,4
umap_3175,6
umap_3176,7
umap_3177,6
umap_3178,3
umap_3179,2
umap_3180,5
umap_3181,6
umap_3182,7
umap_3183,7
umap_3184,4
umap_3185,4
umap_3186,1
umap_3187,2
umap_3188,3
umap_3189,7
umap_3190,7
umap_3191,6
umap_3192,3
umap_3193,2
umap_3194,2
umap_3195,2
umap_3196,2
umap_3197,7
umap_3198,6
umap_3199,3
umap_3200,1
umap_3201,3
umap_3202,3
umap_3203,7
umap_3204,1
umap_3205,2
umap_3206,6
umap_3207,8
umap_3208,7
umap_3209,1
umap_3210,8
umap_3211,7
umap_3212,2
umap_3213,5
umap_3214,9
umap_3215,2
umap_3216,3
umap_3217,1
umap_3218,2
umap_3219,1
umap_3220,9
umap_3221,5
umap_3222,5
umap_3223,5
umap_3224,1
umap_3225,7
umap_3226,3
umap_3227,5
umap_3228,3
umap_3229,3
umap_3230,6
umap_3231,6
umap_3232,7
umap_3233,6
umap_3234,5
umap_3235,3
umap_3236,2
umap_3237,8
umap_3238,7
umap_3239,3
umap_3240,4
umap_3241,6
umap_3242,3
umap_3243,1
umap_3244,6
umap_3245,7
umap_3246,1
umap_3247,4
umap_3248,6
umap_3249,7
umap_3250,9
umap_3251,4
umap_3252,2
umap_3253,6
umap_3254,6
umap_3255,7
umap_3256,8
umap_3257,7
umap_3258,5
umap_3259,4
umap_3260,3
umap_3261,4
umap_3262,6
umap_3263,7
umap_3264,9
umap_3265,7
umap_3266,3
umap_3267,7
umap_3268,2
umap_3269,3
umap_3270,9
umap_3271,3
umap_3272,7
umap_3273,2
umap_3274,3
umap_3275,1
umap_3276,7
umap_3277,2
umap_3278,2
umap_3279,8
umap_3280,7
umap_3281,2
umap_3282,7
umap_3283,1
umap_3284,2
umap_3285,1
umap_3286,5
umap_3287,3
umap_3288,4
umap_3289,8
umap_3290,7
umap_3291,5
umap_3292,2
umap_3293,5
umap_3294,7
umap_3295,3
umap_3296,7
umap_3297,2
umap_3298,4
umap_3299,6
umap_3300,3
umap_3301,2
umap_3302,9
umap_3303,4
umap_3304,3
umap_3305,9
umap_3306,7
umap_3307,4
umap_3308,4
umap_3309,6
umap_3310,3
umap_3311,5
umap_3312,3
umap_3313,5
umap_3314,9
umap_3315,5
umap_3316,3
umap_3317,9
umap_3318,1
umap_3319,8
umap_3320,9
umap_3321,4
umap_3322,5
umap_3323,5
umap_3324,1
umap_3325,1
umap_3326,8
umap_3327,9
umap_3328,3
umap_3329,9
umap_3330,3
umap_3331,8
umap_3332,3
umap_3333,6
umap_3334,6
umap_3335,8
umap_3336,7
umap_3337,3
umap_3338,7
umap_3339,6
umap_3340,3
umap_3341,2
umap_3342,1
umap_3343,7
umap_3344,7
umap_3345,7
umap_3346,2
umap_3347,6
umap_3348,7
umap_3349,7
umap_3350,7
umap_3351,3
umap_3352,9
umap_3353,5
umap_3354,7
umap_3355,5
umap_3356,7
umap_3357,3
umap_3358,5
umap_3359,2
umap_3360,8
umap_3361,1
umap_3362,7
umap_3363,9
umap_3364,9
umap_3365,6
umap_3366,7
umap_3367,2
umap_3368,3
umap_3369,6
umap_3370,5
umap_3371,5
umap_3372,2
umap_3373,6
umap_3374,8
umap_3375,5
umap_3376,2
umap_3377,6
umap_3378,7
umap_3379,6
umap_3380,6
umap_3381,5
umap_3382,1
umap_3383,5
umap_3384,5
umap_3385,7
umap_3386,4
umap_3387,5
umap_3388,2
umap_3389,5
umap_3390,7
umap_3391,5
umap_3392,7
umap_3393,9
umap_3394,3
umap_3395,3
umap_3396,3
umap_3397,9
umap_3398,7
umap_3399,4
umap_3400,3
umap_3401,7
umap_3402,7
umap_3403,4
umap_3404,3
umap_3405,6
umap_3406,5
umap_3407,3
umap_3408,2
umap_3409,7
umap_3410,4
umap_3411,7
umap_3412,9
umap_3413,2
umap_3414,7
umap_3415,5
umap_3416,7
umap_3417,4
umap_3418,2
umap_3419,9
umap_3420,4
umap_3421,2
umap_3422,5
umap_3423,2
umap_3424,1
umap_3425,4
umap_3426,7
umap_3427,3
umap_3428,7
umap_3429,9
umap_3430,2
umap_3431,2
umap_3432,6
umap_3433,8
umap_3434,7
umap_3435,2
umap_3436,3
umap_3437,5
umap_3438,6
umap_3439,8
umap_3440,6
umap_3441,7
umap_3442,4
umap_3443,5
umap_3444,3
umap_3445,3
umap_3446,1
umap_3447,6
umap_3448,6
umap_3449,4
umap_3450,4
umap_3451,6
umap_3452,2
umap_3453,6
umap_3454,1
umap_3455,2
umap_3456,2
umap_3457,1
umap_3458,7
umap_3459,7
umap_3460,8
umap_3461,7
umap_3462,2
umap_3463,8
umap_3464,9
umap_3465,1
umap_3466,6
umap_3467,8
umap_3468,8
umap_3469,2
umap_3470,8
umap_3471,4
umap_3472,5
umap_3473,5
umap_3474,5
umap_3475,9
umap_3476,7
umap_3477,2
umap_3478,3
umap_3479,4
umap_3480,9
umap_3481,5
umap_3482,4
umap_3483,4
umap_3484,6
umap_3485,7
umap_3486,8
umap_3487,7
umap_3488,1
umap_3489,9
umap_3490,2
umap_3491,2
umap_3492,8
umap_3493,3
umap_3494,3
umap_3495,6
umap_3496,4
umap_3497,7
umap_3498,8
umap_3499,1
umap_3500,3
umap_3501,7
umap_3502,8
umap_3503,2
umap_3504,3
umap_3505,4
umap_3506,5
umap_3507,1
umap_3508,4
umap_3509,3
umap_3510,7
umap_3511,2
umap_3512,7
umap_3513,8
umap_3514,4
umap_3515,5
umap_3516,7
umap_3517,2
umap_3518,2
umap_3519,4
umap_3520,8
umap_3521,6
umap_3522,1
umap_3523,5
umap_3524,5
umap_3525,9
umap_3526,6
umap_3527,7
umap_3528,8
umap_3529,7
umap_3530,6
umap_3531,5
umap_3532,7
umap_3533,1
umap_3534,8
umap_3535,7
umap_3536,7
umap_3537,8
umap_3538,3
umap_3539,3
umap_3540,1
umap_3541,7
umap_3542,2
umap_3543,2
umap_3544,8
umap_3545,2
umap_3546,4
umap_3547,7
umap_3548,7
umap_3549,3
umap_3550,8
umap_3551,4
umap_3552,2
umap_3553,7
umap_3554,8
umap_3555,2
umap_3556,2
umap_3557,7
umap_3558,7
umap_3559,5
umap_3560,1
umap_3561,5
umap_3562,4
umap_3563,8
umap_3564,6
umap_3565,4
umap_3566,4
umap_3567,4
umap_3568,8
umap_3569,2
umap_3570,7
umap_3571,7
umap_3572,1
umap_3573,5
umap_3574,4
umap_3575,4
umap_3576,7
umap_3577,4
umap_3578,1
umap_3579,7
umap_3580,4
umap_3581,5
umap_3582,8
umap_3583,7
umap_3584,1
umap_3585,9
umap_3586,2
umap_3587,7
umap_3588,8
umap_3589,3
umap_3590,7
umap_3591,7
umap_3592,2
umap_3593,9
umap_3594,2
umap_3595,5
umap_3596,3
umap_3597,3
umap_3598,2
umap_3599,8
umap_3600,4
umap_3601,5
umap_3602,8
umap_3603,3
umap_3604,4
umap_3605,2
umap_3606,7
umap_3607,8
umap_3608,6
umap_3609,1
umap_3610,3
umap_3611,2
umap_3612,5
umap_3613,3
umap_3614,6
umap_3615,1
umap_3616,9
umap_3617,1
umap_3618,2
umap_3619,7
umap_3620,1
umap_3621,5
umap_3622,7
umap_3623,7
umap_3624,6
umap_3625,4
umap_3626,3
umap_3627,4
umap_3628,3
umap_3629,1
umap_3630,4
umap_3631,7
umap_3632,5
umap_3633,7
umap_3634,8
umap_3635,6
umap_3636,3
umap_3637,4
umap_3638,7
umap_3639,7
umap_3640,9
umap_3641,7
umap_3642,9
umap_3643,2
umap_3644,7
umap_3645,6
umap_3646,7
umap_3647,4
umap_3648,7
umap_3649,2
umap_3650,7
umap_3651,8
umap_3652,6
umap_3653,4
umap_3654,1
umap_3655,6
umap_3656,4
umap_3657,7
umap_3658,3
umap_3659,7
umap_3660,7
umap_3661,5
umap_3662,4
umap_3663,3
umap_3664,8
umap_3665,7
umap_3666,2
umap_3667,2
umap_3668,7
umap_3669,5
umap_3670,2
umap_3671,4
umap_3672,7
umap_3673,6
umap_3674,3
umap_3675,7
umap_3676,3
umap_3677,5
umap_3678,6
umap_3679,6
umap_3680,1
umap_3681,3
umap_3682,8
umap_3683,5
umap_3684,1
umap_3685,3
umap_3686,7
umap_3687,2
umap_3688,7
umap_3689,7
umap_3690,4
umap_3691,7
umap_3692,7
umap_3693,3
umap_3694,3
umap_3695,1
umap_3696,7
umap_3697,1
umap_3698,3
umap_3699,7
umap_3700,5
umap_3701,3
umap_3702,4
umap_3703,7
umap_3704,5
umap_3705,2
umap_3706,8
umap_3707,5
umap_3708,8
umap_3709,2
umap_3710,6
umap_3711,6
umap_3712,2
umap_3713,3
umap_3714,3
umap_3715,9
umap_3716,7
umap_3717,4
umap_3718,7
umap_3719,5
umap_3720,1
umap_3721,7
umap_3722,7
umap_3723,7
umap_3724,6
umap_3725,7
umap_3726,7
umap_3727,5
umap_3728,9
umap_3729,9
umap_3730,8
umap_3731,6
umap_3732,5
umap_3733,7
umap_3734,8
umap_3735,6
umap_3736,7
umap_3737,7
umap_3738,2
umap_3739,8
umap_3740,5
umap_3741,2
umap_3742,3
umap_3743,8
umap_3744,2
umap_3745,2
umap_3746,7
umap_3747,7
umap_3748,7
umap_3749,7
umap_3750,6
umap_3751,1
umap_3752,7
umap_3753,7
umap_3754,4
umap_3755,9
umap_3756,7
umap_3757,1
umap_3758,6
umap_3759,8
umap_3760,1
umap_3761,2
umap_3762,3
umap_3763,6
umap_3764,7
umap_3765,3
umap_3766,2
umap_3767,1
umap_3768,7
umap_3769,3
umap_3770,1
umap_3771,9
umap_3772,6
umap_3773,2
umap_3774,5
umap_3775,7
umap_3776,7
umap_3777,4
umap_3778,7
umap_3779,9
umap_3780,3
umap_3781,2
umap_3782,2
umap_3783,7
umap_3784,5
umap_3785,9
umap_3786,1
umap_3787,7
umap_3788,6
umap_3789,7
umap_3790,8
umap_3791,3
umap_3792,6
umap_3793,3
umap_3794,8
umap_3795,2
umap_3796,4
umap_3797,1
umap_3798,2
umap_3799,1
umap_3800,2
umap_3801,6
umap_3802,7
umap_3803,7
umap_3804,6
umap_3805,5
umap_3806,5
umap_3807,2
umap_3808,1
umap_3809,8
umap_3810,6
umap_3811,4
umap_3812,7
umap_3813,4
umap_3814,6
umap_3815,4
umap_3816,7
umap_3817,4
umap_3818,5
umap_3819,8
umap_3820,2
umap_3821,3
umap_3822,8
umap_3823,7
umap_3824,4
umap_3825,6
umap_3826,6
umap_3827,2
umap_3828,4
umap_3829,8
umap_3830,3
umap_3831,5
umap_3832,7
umap_3833,3
umap_3834,7
umap_3835,6
umap_3836,4
umap_3837,1
umap_3838,6
umap_3839,5
umap_3840,8
umap_3841,6
umap_3842,2
umap_3843,5
umap_3844,1
umap_3845,7
umap_3846,1
umap_3847,8
umap_3848,7
umap_3849,8
umap_3850,5
umap_3851,3
umap_3852,1
umap_3853,4
umap_3854,6
umap_3855,7
umap_3856,8
umap_3857,8
umap_3858,2
umap_3859,7
umap_3860,3
umap_3861,1
umap_3862,6
umap_3863,2
umap_3864,3
umap_3865,7
umap_3866,6
umap_3867,6
umap_3868,2
umap_3869,6
umap_3870,6
umap_3871,6
umap_3872,3
umap_3873,4
umap_3874,8
umap_3875,8
umap_3876,2
umap_3877,8
umap_3878,7
umap_3879,7
umap_3880,9
umap_3881,8
umap_3882,6
umap_3883,6
umap_3884,7
umap_3885,6
umap_3886,3
umap_3887,9
umap_3888,2
umap_3889,6
umap_3890,7
umap_3891,9
umap_3892,3
umap_3893,7
umap_3894,7
umap_3895,1
umap_3896,9
umap_3897,7
umap_3898,3
umap_3899,3
umap_3900,5
umap_3901,4
umap_3902,6
umap_3903,3
umap_3904,9
umap_3905,5
umap_3906,7
umap_3907,3
umap_3908,1
umap_3909,6
umap_3910,7
umap_3911,4
umap_3912,2
umap_3913,8
umap_3914,2
umap_3915,3
umap_3916,1
umap_3917,5
umap_3918,3
umap_3919,2
umap_3920,4
umap_3921,3
umap_3922,7
umap_3923,3
umap_3924,3
umap_3925,1
umap_3926,9
umap_3927,2
umap_3928,2
umap_3929,3
umap_3930,1
umap_3931,8
umap_3932,4
umap_3933,7
umap_3934,6
umap_3935,1
umap_3936,5
umap_3937,8
umap_3938,3
umap_3939,9
umap_3940,3
umap_3941,6
umap_3942,2
umap_3943,7
umap_3944,8
umap_3945,7
umap_3946,2
umap_3947,7
umap_3948,1
umap_3949,7
umap_3950,1
umap_3951,1
umap_3952,9
umap_3953,3
umap_3954,3
umap_3955,3
umap_3956,7
umap_3957,4
umap_3958,8
umap_3959,7
umap_3960,8
umap_3961,8
umap_3962,3
umap_3963,8
umap_3964,4
umap_3965,7
umap_3966,9
umap_3967,1
umap_3968,6
umap_3969,7
umap_3970,3
umap_3971,5
umap_3972,1
umap_3973,2
umap_3974,2
umap_3975,8
umap_3976,6
umap_3977,8
umap_3978,1
umap_3979,7
umap_3980,2
umap_3981,7
umap_3982,5
umap_3983,6
umap_3984,7
umap_3985,7
umap_3986,1
umap_3987,8
umap_3988,8
umap_3989,2
umap_3990,4
umap_3991,2
umap_3992,3
umap_3993,9
umap_3994,4
umap_3995,1
umap_3996,7
umap_3997,2
umap_3998,3
umap_3999,6
umap_4000,3
umap_4001,2
umap_4002,5
umap_4003,2
umap_4004,8
umap_4005,4
umap_4006,6
umap_4007,6
umap_4008,6
umap_4009,8
umap_4010,6
umap_4011,7
umap_4012,8
umap_4013,3
umap_4014,6
umap_4015,5
umap_4016,4
umap_4017,2
umap_4018,8
umap_4019,8
umap_4020,3
umap_4021,4
umap_4022,1
umap_4023,7
umap_4024,9
umap_4025,6
umap_4026,3
umap_4027,6
umap_4028,1
umap_4029,7
umap_4030,7
umap_4031,7
umap_4032,8
umap_4033,5
umap_4034,7
umap_4035,5
umap_4036,6
umap_4037,3
umap_4038,7
umap_4039,7
umap_4040,9
umap_4041,6
umap_4042,2
umap_4043,1
umap_4044,7
umap_4045,7
umap_4046,7
umap_4047,4
umap_4048,5
umap_4049,7
umap_4050,9
umap_4051,9
umap_4052,4
umap_4053,2
umap_4054,7
umap_4055,1
umap_4056,8
umap_4057,7
umap_4058,7
umap_4059,9
umap_4060,7
umap_4061,7
umap_4062,6
umap_4063,8
umap_4064,2
umap_4065,7
umap_4066,2
umap_4067,3
umap_4068,7
umap_4069,7
umap_4070,8
umap_4071,6
umap_4072,7
umap_4073,2
umap_4074,8
umap_4075,7
umap_4076,7
umap_4077,6
umap_4078,4
umap_4079,1
umap_4080,9
umap_4081,8
umap_4082,4
umap_4083,4
umap_4084,9
umap_4085,6
umap_4086,6
umap_4087,3
umap_4088,7
umap_4089,8
umap_4090,4
umap_4091,8
umap_4092,2
umap_4093,5
umap_4094,8
umap_4095,8
umap_4096,6
umap_4097,7
umap_4098,5
umap_4099,2
umap_4100,4
umap_4101,8
umap_4102,5
umap_4103,7
umap_4104,6
umap_4105,8
umap_4106,7
umap_4107,7
umap_4108,7
umap_4109,9
umap_4110,6
umap_4111,1
umap_4112,1
umap_4113,2
umap_4114,3
umap_4115,7
umap_4116,7
umap_4117,8
umap_4118,9
umap_4119,1
umap_4120,8
umap_4121,8
umap_4122,7
umap_4123,2
umap_4124,3
umap_4125,8
umap_4126,1
umap_4127,2
umap_4128,6
umap_4129,9
umap_4130,4
umap_4131,8
umap_4132,8
umap_4133,4
umap_4134,9
umap_4135,6
umap_4136,6
umap_4137,7
umap_4138,6
umap_4139,7
umap_4140,6
umap_4141,6
umap_4142,7
umap_4143,1
umap_4144,2
umap_4145,8
umap_4146,8
umap_4147,7
umap_4148,2
umap_4149,5
umap_4150,4
umap_4151,4
umap_4152,2
umap_4153,3
umap_4154,5
umap_4155,3
umap_4156,2
umap_4157,8
umap_4158,7
umap_4159,7
umap_4160,1
umap_4161,1
umap_4162,2
umap_4163,2
umap_4164,3
umap_4165,1
umap_4166,9
umap_4167,2
umap_4168,7
umap_4169,8
umap_4170,6
umap_4171,1
umap_4172,4
umap_4173,5
umap_4174,1
umap_4175,7
umap_4176,7
umap_4177,5
umap_4178,1
umap_4179,8
umap_4180,6
umap_4181,7
umap_4182,7
umap_4183,7
umap_4184,9
umap_4185,6
umap_4186,6
umap_4187,7
umap_4188,6
umap_4189,6
umap_4190,6
umap_4191,7
umap_4192,2
umap_4193,1
umap_4194,3
umap_4195,6
umap_4196,1
umap_4197,8
umap_4198,2
umap_4199,2
umap_4200,1
umap_4201,9
umap_4202,2
umap_4203,2
umap_4204,8
umap_4205,5
umap_4206,1
umap_4207,3
umap_4208,6
umap_4209,6
umap_4210,3
umap_4211,2
umap_4212,7
umap_4213,9
umap_4214,1
umap_4215,6
umap_4216,7
umap_4217,6
umap_4218,3
umap_4219,9
umap_4220,5
umap_4221,6
umap_4222,3
umap_4223,2
umap_4224,8
umap_4225,2
umap_4226,9
umap_4227,3
umap_4228,3
umap_4229,3
umap_4230,7
umap_4231,4
umap_4232,2
umap_4233,6
umap_4234,7
umap_4235,3
umap_4236,1
umap_4237,7
umap_4238,6
umap_4239,9
umap_4240,1
umap_4241,7
umap_4242,6
umap_4243,2
umap_4244,1
umap_4245,1
umap_4246,4
umap_4247,7
umap_4248,7
umap_4249,6
umap_4250,8
umap_4251,5
umap_4252,1
umap_4253,7
umap_4254,7
umap_4255,7
umap_4256,2
umap_4257,1
umap_4258,8
umap_4259,2
umap_4260,8
umap_4261,3
umap_4262,4
umap_4263,7
umap_4264,8
umap_4265,6
umap_4266,8
umap_4267,7
umap_4268,3
umap_4269,7
umap_4270,2
umap_4271,7
umap_4272,5
umap_4273,6
umap_4274,7
umap_4275,5
umap_4276,7
umap_4277,8
umap_4278,6
umap_4279,2
umap_4280,7
umap_4281,5
umap_4282,7
umap_4283,8
umap_4284,3
umap_4285,3
umap_4286,6
umap_4287,7
umap_4288,2
umap_4289,7
umap_4290,8
umap_4291,7
umap_4292,2
umap_4293,2
umap_4294,3
umap_4295,7
umap_4296,8
umap_4297,3
umap_4298,1
umap_4299,6
umap_4300,4
umap_4301,4
umap_4302,7
umap_4303,3
umap_4304,6
umap_4305,7
umap_4306,7
umap_4307,9
umap_4308,2
umap_4309,7
umap_4310,6
umap_4311,7
umap_4312,2
umap_4313,4
umap_4314,8
umap_4315,5
umap_4316,7
umap_4317,6
umap_4318,1
umap_4319,3
umap_4320,2
umap_4321,2
umap_4322,3
umap_4323,4
umap_4324,6
umap_4325,8
umap_4326,7
umap_4327,6
umap_4328,7
umap_4329,3
umap_4330,7
umap_4331,8
umap_4332,3
umap_4333,8
umap_4334,8
umap_4335,6
umap_4336,7
umap_4337,3
umap_4338,5
umap_4339,7
umap_4340,3
umap_4341,7
umap_4342,7
umap_4343,4
umap_4344,1
umap_4345,3
umap_4346,6
umap_4347,1
umap_4348,2
umap_4349,1
umap_4350,7
umap_4351,3
umap_4352,6
umap_4353,9
umap_4354,1
umap_4355,3
umap_4356,9
umap_4357,9
umap_4358,8
umap_4359,6
umap_4360,3
umap_4361,7
umap_4362,2
umap_4363,6
umap_4364,1
umap_4365,1
umap_4366,7
umap_4367,7
umap_4368,1
umap_4369,7
umap_4370,6
umap_4371,7
umap_4372,8
umap_4373,3
umap_4374,7
umap_4375,7
umap_4376,7
umap_4377,5
umap_4378,6
umap_4379,7
umap_4380,7
umap_4381,7
umap_4382,4
umap_4383,9
umap_4384,8
umap_4385,5
umap_4386,4
umap_4387,2
umap_4388,4
umap_4389,4
umap_4390,8
umap_4391,4
umap_4392,2
umap_4393,7
umap_4394,7
umap_4395,6
umap_4396,3
umap_4397,7
umap_4398,7
umap_4399,2
umap_4400,6
umap_4401,7
umap_4402,7
umap_4403,6
umap_4404,6
umap_4405,4
umap_4406,3
umap_4407,7
umap_4408,7
umap_4409,2
umap_4410,8
umap_4411,6
umap_4412,5
umap_4413,1
umap_4414,8
umap_4415,5
umap_4416,7
umap_4417,7
umap_4418,2
umap_4419,8
umap_4420,6
umap_4421,8
umap_4422,2
umap_4423,6
umap_4424,7
umap_4425,3
umap_4426,4
umap_4427,2
umap_4428,8
umap_4429,7
umap_4430,8
umap_4431,1
umap_4432,5
umap_4433,4
umap_4434,5
umap_4435,5
umap_4436,2
umap_4437,7
umap_4438,7
umap_4439,5
umap_4440,8
umap_4441,1
umap_4442,1
umap_4443,6
umap_4444,1
umap_4445,3
umap_4446,7
umap_4447,6
umap_4448,3
umap_4449,8
umap_4450,3
umap_4451,7
umap_4452,6
umap_4453,6
umap_4454,7
umap_4455,9
umap_4456,6
umap_4457,6
umap_4458,4
umap_4459,2
umap_4460,8
umap_4461,7
umap_4462,7
umap_4463,7
umap_4464,7
umap_4465,2
umap_4466,5
umap_4467,1
umap_4468,2
umap_4469,8
umap_4470,9
umap_4471,3
umap_4472,1
umap_4473,3
umap_4474,6
umap_4475,7
umap_4476,1
umap_4477,3
umap_4478,2
umap_4479,7
umap_4480,7
umap_4481,5
umap_4482,9
umap_4483,8
umap_4484,2
umap_4485,9
umap_4486,1
umap_4487,7
umap_4488,7
umap_4489,5
umap_4490,2
umap_4491,5
umap_4492,7
umap_4493,6
umap_4494,6
umap_4495,8
umap_4496,1
umap_4497,7
umap_4498,6
umap_4499,2
umap_4500,9
umap_4501,3
umap_4502,8
umap_4503,7
umap_4504,9
umap_4505,1
umap_4506,7
umap_4507,4
umap_4508,7
umap_4509,9
umap_4510,8
umap_4511,4
umap_4512,8
umap_4513,9
umap_4514,3
umap_4515,8
umap_4516,8
umap_4517,2
umap_4518,5
umap_4519,7
umap_4520,2
umap_4521,3
umap_4522,3
umap_4523,3
umap_4524,1
umap_4525,2
umap_4526,8
umap_4527,3
umap_4528,3
umap_4529,7
umap_4530,7
umap_4531,6
umap_4532,2
umap_4533,8
umap_4534,4
umap_4535,6
umap_4536,2
umap_4537,3
umap_4538,7
umap_4539,3
umap_4540,7
umap_4541,6
umap_4542,5
umap_4543,2
umap_4544,9
umap_4545,5
umap_4546,1
umap_4547,1
umap_4548,7
umap_4549,6
umap_4550,3
umap_4551,6
umap_4552,6
umap_4553,4
umap_4554,5
umap_4555,5
umap_4556,2
umap_4557,1
umap_4558,6
umap_4559,5
umap_4560,7
umap_4561,1
umap_4562,2
umap_4563,6
umap_4564,7
umap_4565,3
umap_4566,6
umap_4567,3
umap_4568,6
umap_4569,2
umap_4570,7
umap_4571,7
umap_4572,2
umap_4573,7
umap_4574,4
umap_4575,5
umap_4576,4
umap_4577,7
umap_4578,6
umap_4579,3
umap_4580,1
umap_4581,3
umap_4582,7
umap_4583,8
umap_4584,7
umap_4585,7
umap_4586,7
umap_4587,6
umap_4588,2
umap_4589,3
umap_4590,2
umap_4591,2
umap_4592,7
umap_4593,5
umap_4594,9
umap_4595,7
umap_4596,3
umap_4597,3
umap_4598,7
umap_4599,7
umap_4600,2
umap_4601,3
umap_4602,3
umap_4603,7
umap_4604,7
umap_4605,8
umap_4606,3
umap_4607,7
umap_4608,6
umap_4609,1
umap_4610,8
umap_4611,2
umap_4612,7
umap_4613,7
umap_4614,7
umap_4615,1
umap_4616,5
umap_4617,9
umap_4618,4
umap_4619,3
umap_4620,4
umap_4621,3
umap_4622,2
umap_4623,8
umap_4624,8
umap_4625,7
umap_4626,8
umap_4627,3
umap_4628,8
umap_4629,6
umap_4630,7
umap_4631,3
umap_4632,6
umap_4633,2
umap_4634,4
umap_4635,2
umap_4636,6
umap_4637,6
umap_4638,1
umap_4639,7
umap_4640,7
umap_4641,7
umap_4642,9
umap_4643,6
umap_4644,5
umap_4645,7
umap_4646,7
umap_4647,3
umap_4648,1
umap_4649,2
umap_4650,3
umap_4651,4
umap_4652,1
umap_4653,2
umap_4654,5
umap_4655,7
umap_4656,6
umap_4657,5
umap_4658,3
umap_4659,9
umap_4660,1
umap_4661,3
umap_4662,3
umap_4663,5
umap_4664,6
umap_4665,6
umap_4666,6
umap_4667,3
umap_4668,8
umap_4669,7
umap_4670,3
umap_4671,1
umap_4672,2
umap_4673,3
umap_4674,2
umap_4675,6
umap_4676,7
umap_4677,5
umap_4678,5
umap_4679,8
umap_4680,5
umap_4681,7
umap_4682,2
umap_4683,7
umap_4684,4
umap_4685,3
umap_4686,3
umap_4687,9
umap_4688,4
umap_4689,4
umap_4690,1
umap_4691,3
umap_4692,2
umap_4693,7
umap_4694,7
umap_4695,8
umap_4696,4
umap_4697,2
umap_4698,7
umap_4699,7
umap_4700,9
umap_4701,3
umap_4702,3
umap_4703,5
umap_4704,7
umap_4705,2
umap_4706,7
umap_4707,3
umap_4708,8
umap_4709,2
umap_4710,2
umap_4711,3
umap_4712,7
umap_4713,3
umap_4714,7
umap_4715,4
umap_4716,7
umap_4717,4
umap_4718,5
umap_4719,1
umap_4720,1
umap_4721,3
umap_4722,6
umap_4723,3
umap_4724,7
umap_4725,3
umap_4726,8
umap_4727,3
umap_4728,6
umap_4729,3
umap_4730,1
umap_4731,7
umap_4732,5
umap_4733,8
umap_4734,7
umap_4735,8
umap_4736,2
umap_4737,8
umap_4738,7
umap_4739,8
umap_4740,4
umap_4741,2
umap_4742,2
umap_4743,4
umap_4744,8
umap_4745,6
umap_4746,4
umap_4747,4
umap_4748,4
umap_4749,1
umap_4750,7
umap_4751,7
umap_4752,2
umap_4753,2
umap_4754,1
umap_4755,3
umap_4756,5
umap_4757,2
umap_4758,3
umap_4759,5
umap_4760,2
umap_4761,4
umap_4762,5
umap_4763,2
umap_4764,3
umap_4765,7
umap_4766,6
umap_4767,3
umap_4768,1
umap_4769,7
umap_4770,1
umap_4771,2
umap_4772,1
umap_4773,1
umap_4774,7
umap_4775,5
umap_4776,7
umap_4777,4
umap_4778,7
umap_4779,6
umap_4780,8
umap_4781,8
umap_4782,2
umap_4783,8
umap_4784,4
umap_4785,8
umap_4786,7
umap_4787,6
umap_4788,2
umap_4789,1
umap_4790,8
umap_4791,3
umap_4792,7
umap_4793,8
umap_4794,3
umap_4795,1
umap_4796,5
umap_4797,5
umap_4798,2
umap_4799,7
umap_4800,1
umap_4801,8
umap_4802,1
umap_4803,2
umap_4804,4
umap_4805,8
umap_4806,9
umap_4807,3
umap_4808,6
umap_4809,7
umap_4810,3
umap_4811,3
umap_4812,2
umap_4813,9
umap_4814,4
umap_4815,3
umap_4816,3
umap_4817,7
umap_4818,1
umap_4819,3
umap_4820,2
umap_4821,4
umap_4822,6
umap_4823,2
umap_4824,2
umap_4825,3
umap_4826,6
umap_4827,6
umap_4828,3
umap_4829,6
umap_4830,7
umap_4831,7
umap_4832,7
umap_4833,4
umap_4834,5
umap_4835,1
umap_4836,8
umap_4837,3
umap_4838,7
umap_4839,7
umap_4840,1
umap_4841,7
umap_4842,6
umap_4843,7
umap_4844,4
umap_4845,8
umap_4846,7
umap_4847,7
umap_4848,9
umap_4849,7
umap_4850,3
umap_4851,6
umap_4852,2
umap_4853,1
umap_4854,1
umap_4855,1
umap_4856,7
umap_4857,8
umap_4858,8
umap_4859,4
umap_4860,6
umap_4861,7
umap_4862,5
umap_4863,4
umap_4864,3
umap_4865,7
umap_4866,3
umap_4867,4
umap_4868,1
umap_4869,2
umap_4870,6
umap_4871,1
umap_4872,4
umap_4873,7
umap_4874,6
umap_4875,7
umap_4876,9
umap_4877,7
umap_4878,7
umap_4879,3
umap_4880,1
umap_4881,3
umap_4882,4
umap_4883,7
umap_4884,4
umap_4885,7
umap_4886,7
umap_4887,5
umap_4888,6
umap_4889,4
umap_4890,7
umap_4891,7
umap_4892,7
umap_4893,9
umap_4894,2
umap_4895,3
umap_4896,8
umap_4897,5
umap_4898,3
umap_4899,5
umap_4900,8
umap_4901,6
umap_4902,7
umap_4903,6
umap_4904,9
umap_4905,7
umap_4906,9
umap_4907,2
umap_4908,2
umap_4909,3
umap_4910,2
umap_4911,6
umap_4912,6
umap_4913,7
umap_4914,5
umap_4915,7
umap_4916,4
umap_4917,4
umap_4918,3
umap_4919,4
umap_4920,1
umap_4921,2
umap_4922,9
umap_4923,3
umap_4924,7
umap_4925,7
umap_4926,5
umap_4927,3
umap_4928,8
umap_4929,8
umap_4930,7
umap_4931,4
umap_4932,8
umap_4933,8
umap_4934,6
umap_4935,6
umap_4936,9
umap_4937,3
umap_4938,5
umap_4939,1
umap_4940,8
umap_4941,3
umap_4942,3
umap_4943,3
umap_4944,4
umap_4945,9
umap_4946,7
umap_4947,5
umap_4948,3
umap_4949,9
umap_4950,8
umap_4951,2
umap_4952,7
umap_4953,3
umap_4954,7
umap_4955,4
umap_4956,6
umap_4957,7
umap_4958,6
umap_4959,2
umap_4960,1
umap_4961,4
umap_4962,3
umap_4963,4
umap_4964,7
umap_4965,5
umap_4966,3
umap_4967,3
umap_4968,7
umap_4969,9
umap_4970,2
umap_4971,8
umap_4972,5
umap_4973,8
umap_4974,5
umap_4975,6
umap_4976,2
umap_4977,1
umap_4978,4
umap_4979,8
umap_4980,8
umap_4981,1
umap_4982,1
umap_4983,7
umap_4984,7
umap_4985,3
umap_4986,3
umap_4987,7
umap_4988,1
umap_4989,2
umap_4990,7
umap_4991,3
umap_4992,9
umap_4993,2
umap_4994,4
umap_4995,5
umap_4996,9
umap_4997,8
umap_4998,7
umap_4999,9
umap_5000,8
umap_5001,3
umap_5002,1
umap_5003,2
umap_5004,3
umap_5005,2
umap_5006,4
umap_5007,8
umap_5008,1
umap_5009,8
umap_5010,5
umap_5011,7
umap_5012,8
umap_5013,3
umap_5014,6
umap_5015,7
umap_5016,9
umap_5017,6
umap_5018,6
umap_5019,7
umap_5020,7
umap_5021,7
umap_5022,3
umap_5023,5
umap_5024,6
umap_5025,5
umap_5026,1
umap_5027,3
umap_5028,6
umap_5029,7
umap_5030,7
umap_5031,6
umap_5032,7
umap_5033,8
umap_5034,1
umap_5035,1
umap_5036,1
umap_5037,6
umap_5038,6
umap_5039,3
umap_5040,7
umap_5041,4
umap_5042,2
umap_5043,3
umap_5044,3
umap_5045,6
umap_5046,6
umap_5047,3
umap_5048,8
umap_5049,5
umap_5050,1
umap_5051,7
umap_5052,8
umap_5053,5
umap_5054,3
umap_5055,2
umap_5056,8
umap_5057,4
umap_5058,5
umap_5059,7
umap_5060,7
umap_5061,7
umap_5062,4
umap_5063,4
umap_5064,2
umap_5065,4
umap_5066,7
umap_5067,7
umap_5068,5
umap_5069,2
umap_5070,2
umap_5071,2
umap_5072,3
umap_5073,9
umap_5074,5
umap_5075,7
umap_5076,1
umap_5077,7
umap_5078,2
umap_5079,6
umap_5080,8
umap_5081,6
umap_5082,5
umap_5083,7
umap_5084,5
umap_5085,4
umap_5086,5
umap_5087,6
umap_5088,8
umap_5089,6
umap_5090,7
umap_5091,2
umap_5092,6
umap_5093,2
umap_5094,6
umap_5095,7
umap_5096,7
umap_5097,7
umap_5098,3
umap_5099,4
umap_5100,7
umap_5101,8
umap_5102,5
umap_5103,3
umap_5104,7
umap_5105,3
umap_5106,6
umap_5107,7
umap_5108,8
umap_5109,2
umap_5110,8
umap_5111,2
umap_5112,7
umap_5113,6
umap_5114,2
umap_5115,8
umap_5116,6
umap_5117,7
umap_5118,2
umap_5119,7
umap_5120,7
umap_5121,5
umap_5122,4
umap_5123,1
umap_5124,1
umap_5125,4
umap_5126,2
umap_5127,2
umap_5128,7
umap_5129,7
umap_5130,1
umap_5131,5
umap_5132,6
umap_5133,1
umap_5134,7
umap_5135,1
umap_5136,4
umap_5137,3
umap_5138,4
umap_5139,7
umap_5140,3
umap_5141,3
umap_5142,8
umap_5143,3
umap_5144,1
umap_5145,3
umap_5146,1
umap_5147,3
umap_5148,7
umap_5149,7
umap_5150,7
umap_5151,8
umap_5152,2
umap_5153,8
umap_5154,1
umap_5155,2
umap_5156,3
umap_5157,1
umap_5158,7
umap_5159,7
umap_5160,7
umap_5161,7
umap_5162,3
umap_5163,6
umap_5164,8
umap_5165,8
umap_5166,8
umap_5167,5
umap_5168,8
umap_5169,3
umap_5170,8
umap_5171,3
umap_5172,7
umap_5173,1
umap_5174,4
umap_5175,3
umap_5176,1
umap_5177,1
umap_5178,6
umap_5179,2
umap_5180,3
umap_5181,2
umap_5182,5
umap_5183,2
umap_5184,7
umap_5185,3
umap_5186,6
umap_5187,3
umap_5188,3
umap_5189,3
umap_5190,7
umap_5191,1
umap_5192,1
umap_5193,1
umap_5194,7
umap_5195,4
umap_5196,5
umap_5197,7
umap_5198,4
umap_5199,1
umap_5200,5
umap_5201,4
umap_5202,7
umap_5203,2
umap_5204,2
umap_5205,6
umap_5206,7
umap_5207,1
umap_5208,9
umap_5209,8
umap_5210,7
umap_5211,5
umap_5212,6
umap_5213,7
umap_5214,1
umap_5215,7
umap_5216,7
umap_5217,6
umap_5218,2
umap_5219,2
umap_5220,1
umap_5221,3
umap_5222,7
umap_5223,9
umap_5224,8
umap_5225,8
umap_5226,3
umap_5227,8
umap_5228,9
umap_5229,7
umap_5230,4
umap_5231,2
umap_5232,7
umap_5233,7
umap_5234,1
umap_5235,3
umap_5236,8
umap_5237,7
umap_5238,1
umap_5239,2
umap_5240,4
umap_5241,4
umap_5242,1
umap_5243,7
umap_5244,5
umap_5245,4
umap_5246,6
umap_5247,3
umap_5248,6
umap_5249,7
umap_5250,5
umap_5251,1
umap_5252,3
umap_5253,4
umap_5254,8
umap_5255,7
umap_5256,7
umap_5257,8
umap_5258,4
umap_5259,7
umap_5260,5
umap_5261,3
umap_5262,2
umap_5263,7
umap_5264,1
umap_5265,7
umap_5266,7
umap_5267,7
umap_5268,5
umap_5269,2
umap_5270,2
umap_5271,7
umap_5272,6
umap_5273,9
umap_5274,1
umap_5275,6
umap_5276,7
umap_5277,2
umap_5278,7
umap_5279,2
umap_5280,5
umap_5281,3
umap_5282,7
umap_5283,7
umap_5284,6
umap_5285,2
umap_5286,1
umap_5287,6
umap_5288,2
umap_5289,2
umap_5290,7
umap_5291,3
umap_5292,5
umap_5293,8
umap_5294,6
umap_5295,7
umap_5296,1
umap_5297,5
umap_5298,7
umap_5299,7
umap_5300,6
umap_5301,7
umap_5302,6
umap_5303,2
umap_5304,6
umap_5305,6
umap_5306,7
umap_5307,1
umap_5308,5
umap_5309,6
umap_5310,5
umap_5311,3
umap_5312,3
umap_5313,5
umap_5314,1
umap_5315,7
umap_5316,6
umap_5317,7
umap_5318,4
umap_5319,3
umap_5320,8
umap_5321,1
umap_5322,1
umap_5323,3
umap_5324,2
umap_5325,7
umap_5326,7
umap_5327,7
umap_5328,3
umap_5329,7
umap_5330,5
umap_5331,7
umap_5332,7
umap_5333,6
umap_5334,3
umap_5335,8
umap_5336,2
umap_5337,5
umap_5338,5
umap_5339,7
umap_5340,5
umap_5341,8
umap_5342,9
umap_5343,1
umap_5344,2
umap_5345,7
umap_5346,4
umap_5347,5
umap_5348,2
umap_5349,9
umap_5350,5
umap_5351,9
umap_5352,2
umap_5353,1
umap_5354,8
umap_5355,7
umap_5356,8
umap_5357,7
umap_5358,7
umap_5359,4
umap_5360,6
umap_5361,5
umap_5362,7
umap_5363,2
umap_5364,1
umap_5365,3
umap_5366,2
umap_5367,1
umap_5368,8
umap_5369,7
umap_5370,6
umap_5371,7
umap_5372,5
umap_5373,2
umap_5374,1
umap_5375,7
umap_5376,6
umap_5377,7
umap_5378,1
umap_5379,6
umap_5380,4
umap_5381,7
umap_5382,5
umap_5383,7
umap_5384,3
umap_5385,8
umap_5386,7
umap_5387,2
umap_5388,3
umap_5389,7
umap_5390,1
umap_5391,7
umap_5392,7
umap_5393,8
umap_5394,7
umap_5395,2
umap_5396,2
umap_5397,7
umap_5398,4
umap_5399,7
umap_5400,7
umap_5401,9
umap_5402,8
umap_5403,1
umap_5404,6
umap_5405,2
umap_5406,6
umap_5407,7
umap_5408,2
